temporada,jornada,fecha_corte,equipo,ataque,defensa,fuerza,n_entrenamiento
2024-25,1,2024-08-15,Barcelona,1.6909334397242524,0.7641850315456065,2.2127277686979108,3800
2024-25,1,2024-08-15,Real Madrid,1.6377861366165871,0.7840870794332635,2.088780926986293,3800
2024-25,1,2024-08-15,Ath Madrid,1.3297048446183801,0.750863826505215,1.770900125535805,3800
2024-25,1,2024-08-15,Ath Bilbao,1.134292675004081,0.7904943913147061,1.4349155256087127,3800
2024-25,1,2024-08-15,Sociedad,1.1418771388142077,0.8014524862023775,1.4247596189075498,3800
2024-25,1,2024-08-15,Villarreal,1.322442745094749,1.032612746568896,1.280676371165166,3800
2024-25,1,2024-08-15,Girona,1.3981971290717843,1.1068900506129653,1.2631761648751845,3800
2024-25,1,2024-08-15,Sevilla,1.1428828026200588,0.9649838441397224,1.1843543387391446,3800
2024-25,1,2024-08-15,Betis,1.104647871459684,0.9622191967228912,1.148021028079541,3800
2024-25,1,2024-08-15,Celta,1.036313584186839,0.9995085077397589,1.0368231747524683,3800
2024-25,1,2024-08-15,Valencia,1.0090183191269328,0.9879921409495009,1.0212817261453364,3800
2024-25,1,2024-08-15,Vallecano,0.9576482940989638,0.9523243161730459,1.0055905092787218,3800
2024-25,1,2024-08-15,Leganes,0.8325018266390779,0.8418557888064232,0.9888888782476541,3800
2024-25,1,2024-08-15,Getafe,0.8952112501993659,0.9120990659979467,0.9814846693433421,3800
2024-25,1,2024-08-15,Alaves,0.9453553031814143,1.031082424523595,0.9168571597156353,3800
2024-25,1,2024-08-15,Osasuna,0.9091577025335755,1.0011670815646312,0.9080978782409997,3800
2024-25,1,2024-08-15,Mallorca,0.8549418673362702,0.9418413473724688,0.9077344817376842,3800
2024-25,1,2024-08-15,Espanol,0.9500381848847854,1.0929567420409134,0.8692367669654962,3800
2024-25,1,2024-08-15,Valladolid,0.8337115450119407,1.1549180788815552,0.7218793785090999,3800
2024-25,1,2024-08-15,Las Palmas,0.7780686815640105,1.1290441376643587,0.6891392954518082,3800
2024-25,2,2024-08-23,Barcelona,1.703730480871286,0.7671561183581822,2.2208393312661046,3810
2024-25,2,2024-08-23,Real Madrid,1.6286581420809,0.7854788061032358,2.0734590537976207,3810
2024-25,2,2024-08-23,Ath Madrid,1.3259547143438712,0.744573633026434,1.7808241596661494,3810
2024-25,2,2024-08-23,Ath Bilbao,1.1237937773591058,0.7878681880608704,1.4263728303652259,3810
2024-25,2,2024-08-23,Sociedad,1.1413642512245414,0.8063483182337925,1.4154729729263409,3810
2024-25,2,2024-08-23,Villarreal,1.3153241623563106,1.0289024499388228,1.2783759650242041,3810
2024-25,2,2024-08-23,Girona,1.3986778217306661,1.1060515832340936,1.2645683464788628,3810
2024-25,2,2024-08-23,Sevilla,1.1480014784184869,0.9660247202367512,1.1883769166250084,3810
2024-25,2,2024-08-23,Betis,1.104138936037854,0.9620902388255158,1.1476459187297712,3810
2024-25,2,2024-08-23,Celta,1.0299000496066082,1.0049851203229236,1.0247913414635221,3810
2024-25,2,2024-08-23,Vallecano,0.9654452494018183,0.951569944320672,1.0145814873241419,3810
2024-25,2,2024-08-23,Valencia,1.0125425866741973,0.9993588673887189,1.0131921772205081,3810
2024-25,2,2024-08-23,Getafe,0.8925624279991013,0.902379841656543,0.9891205308405169,3810
2024-25,2,2024-08-23,Leganes,0.851063304574968,0.8652276019450882,0.9836293972380471,3810
2024-25,2,2024-08-23,Alaves,0.9542225309041789,1.0231695178984224,0.932614307025233,3810
2024-25,2,2024-08-23,Mallorca,0.8575919120720449,0.9311652266030891,0.9209879058741903,3810
2024-25,2,2024-08-23,Osasuna,0.9146176005244537,1.0039975018778315,0.9109759723642682,3810
2024-25,2,2024-08-23,Espanol,0.9402334173179439,1.0899392140101185,0.8626475726647405,3810
2024-25,2,2024-08-23,Valladolid,0.83032634833911,1.1435082714467404,0.7261218559342821,3810
2024-25,2,2024-08-23,Las Palmas,0.7819971080783004,1.1405968317387465,0.685603437006054,3810
2024-25,3,2024-08-26,Barcelona,1.7090290164576363,0.7692807173021168,2.2215934677931823,3820
2024-25,3,2024-08-26,Real Madrid,1.6256266671096753,0.7837415112098867,2.0741872720256245,3820
2024-25,3,2024-08-26,Ath Madrid,1.3212834300447374,0.7412792014271787,1.7824369380671699,3820
2024-25,3,2024-08-26,Ath Bilbao,1.1265147289160375,0.7918491198753491,1.4226381019320582,3820
2024-25,3,2024-08-26,Sociedad,1.1385248996607562,0.8118646973278878,1.402357934035085,3820
2024-25,3,2024-08-26,Villarreal,1.3166152799605617,1.02644112948555,1.2826992626654061,3820
2024-25,3,2024-08-26,Girona,1.3929006766214211,1.0984496658897278,1.2680605401187794,3820
2024-25,3,2024-08-26,Sevilla,1.1451106857756475,0.966766899647149,1.1844744438329347,3820
2024-25,3,2024-08-26,Betis,1.1059438341917636,0.9545771060393377,1.1585694096315233,3820
2024-25,3,2024-08-26,Celta,1.029200186727243,1.0063012910919455,1.0227555065644898,3820
2024-25,3,2024-08-26,Valencia,1.0138445748239322,0.9987791847580524,1.0150838046044475,3820
2024-25,3,2024-08-26,Vallecano,0.9579648074414235,0.9454567330068688,1.0132296635032412,3820
2024-25,3,2024-08-26,Getafe,0.8871156675831459,0.8972986630761063,0.9886514982001073,3820
2024-25,3,2024-08-26,Leganes,0.8583593541816849,0.8842698752570158,0.9706984012456604,3820
2024-25,3,2024-08-26,Alaves,0.9423554928632265,1.0248534066234354,0.9195027179233242,3820
2024-25,3,2024-08-26,Mallorca,0.8531318557479902,0.9285924814186002,0.9187365532452625,3820
2024-25,3,2024-08-26,Osasuna,0.9118600886270113,1.0007602890859773,0.9111673380443972,3820
2024-25,3,2024-08-26,Espanol,0.9504522164294955,1.08460749616339,0.876309835393499,3820
2024-25,3,2024-08-26,Valladolid,0.825087976871942,1.1355392641610524,0.7266045331171574,3820
2024-25,3,2024-08-26,Las Palmas,0.7927540766449493,1.1446313985447547,0.6925845976729538,3820
2024-25,4,2024-08-31,Barcelona,1.707598491773843,0.7633998509685737,2.236833671905103,3829
2024-25,4,2024-08-31,Real Madrid,1.636632720124236,0.7825912327778838,2.091299584733206,3829
2024-25,4,2024-08-31,Ath Madrid,1.3357794622777786,0.7414530867552015,1.8015697636697547,3829
2024-25,4,2024-08-31,Ath Bilbao,1.125727357978204,0.7855239980526361,1.4330909822856508,3829
2024-25,4,2024-08-31,Sociedad,1.1337212841139404,0.8237023210764911,1.3763725742963642,3829
2024-25,4,2024-08-31,Girona,1.400049401354893,1.0852787988078065,1.2900366273559072,3829
2024-25,4,2024-08-31,Villarreal,1.3382682021101828,1.045219589494058,1.280370379164034,3829
2024-25,4,2024-08-31,Sevilla,1.1407993204423998,0.963489173966717,1.1840292047555565,3829
2024-25,4,2024-08-31,Betis,1.106683199759857,0.9534005038265926,1.1607747167303195,3829
2024-25,4,2024-08-31,Celta,1.0520261431352267,1.02340110570995,1.0279704968712333,3829
2024-25,4,2024-08-31,Valencia,1.0080405735632734,0.9963425426631329,1.0117409730080105,3829
2024-25,4,2024-08-31,Vallecano,0.9509667738775884,0.9420560639498894,1.0094587894167761,3829
2024-25,4,2024-08-31,Getafe,0.8877214438201549,0.8964354799389516,0.990279237810411,3829
2024-25,4,2024-08-31,Alaves,0.9614110863492185,1.0171406429016994,0.9452095863621224,3829
2024-25,4,2024-08-31,Leganes,0.8243854040630894,0.8725898245938356,0.9447570677859051,3829
2024-25,4,2024-08-31,Mallorca,0.8505615440849463,0.9226219177118499,0.9218960960675886,3829
2024-25,4,2024-08-31,Osasuna,0.9032659779722181,1.003966338956537,0.8996974728366084,3829
2024-25,4,2024-08-31,Espanol,0.9530853430010099,1.1052468682661891,0.8623280195275501,3829
2024-25,4,2024-08-31,Valladolid,0.8203011179590166,1.1218134037280074,0.7312277739176534,3829
2024-25,4,2024-08-31,Las Palmas,0.7924389985476573,1.1661877220675103,0.6795123834289375,3829
2024-25,5,2024-09-14,Barcelona,1.7280225602547001,0.7614850359898437,2.2692797344447717,3840
2024-25,5,2024-09-14,Real Madrid,1.6408353173853814,0.7811570329872498,2.100519163362846,3840
2024-25,5,2024-09-14,Ath Madrid,1.3423369082185053,0.7338696953095304,1.8291215958336262,3840
2024-25,5,2024-09-14,Ath Bilbao,1.1210332645293952,0.7876508820310092,1.4232616126052418,3840
2024-25,5,2024-09-14,Sociedad,1.1276028797121826,0.818780232250643,1.3771740392567313,3840
2024-25,5,2024-09-14,Girona,1.414733517353187,1.0733106999877757,1.3181025003936881,3840
2024-25,5,2024-09-14,Villarreal,1.3367689801281941,1.0411746645453206,1.2839046373760536,3840
2024-25,5,2024-09-14,Sevilla,1.1360039615324011,0.9687055971489865,1.1727030016919415,3840
2024-25,5,2024-09-14,Betis,1.1105132216531268,0.9480213773080061,1.1714010340215442,3840
2024-25,5,2024-09-14,Celta,1.0591240777336826,1.0186322792862097,1.0397511440299603,3840
2024-25,5,2024-09-14,Valencia,1.0070185211456808,0.9912294027711627,1.015928823671268,3840
2024-25,5,2024-09-14,Vallecano,0.9526620005922265,0.9454929477832532,1.0075823440309961,3840
2024-25,5,2024-09-14,Getafe,0.8851307725704322,0.8875695754136707,0.997252268542326,3840
2024-25,5,2024-09-14,Alaves,0.9675771965245764,1.013658284691486,0.9545398199148202,3840
2024-25,5,2024-09-14,Mallorca,0.8594220011816694,0.9170053834844746,0.9372049681060787,3840
2024-25,5,2024-09-14,Osasuna,0.9004158200512331,1.0074422900236997,0.8937641679009238,3840
2024-25,5,2024-09-14,Espanol,0.9618347441246844,1.1033739692568278,0.8717214388993819,3840
2024-25,5,2024-09-14,Leganes,0.7768523162979507,0.9035513463890898,0.8597766130309327,3840
2024-25,5,2024-09-14,Valladolid,0.817868424965254,1.1524851964361205,0.709656338748978,3840
2024-25,5,2024-09-14,Las Palmas,0.7877127014462474,1.1722962271819304,0.671939978293559,3840
2024-25,6,2024-09-18,Barcelona,1.7304872327779197,0.7570673884203426,2.2857770117250253,3850
2024-25,6,2024-09-18,Real Madrid,1.6455245453310494,0.7811812004641878,2.1064569197943546,3850
2024-25,6,2024-09-18,Ath Madrid,1.3505153675405,0.7286155714014784,1.853536241262054,3850
2024-25,6,2024-09-18,Ath Bilbao,1.1231792644580025,0.7907871730194105,1.4203306563122935,3850
2024-25,6,2024-09-18,Sociedad,1.1228917683948807,0.8269607964923954,1.357853689265192,3850
2024-25,6,2024-09-18,Girona,1.4076995594690203,1.077998201294256,1.3058459260682638,3850
2024-25,6,2024-09-18,Villarreal,1.3438534696024032,1.0331034828680987,1.3007927007191973,3850
2024-25,6,2024-09-18,Sevilla,1.1361423505484507,0.9675894161210368,1.1741988198911113,3850
2024-25,6,2024-09-18,Betis,1.1091966559497615,0.9465172024051112,1.1718716290958895,3850
2024-25,6,2024-09-18,Celta,1.0593853241341096,1.013454949740443,1.045320588157796,3850
2024-25,6,2024-09-18,Vallecano,0.9521089650286506,0.940622721574643,1.0122113183006882,3850
2024-25,6,2024-09-18,Valencia,1.0016072143023118,0.9984263434142308,1.0031858843760109,3850
2024-25,6,2024-09-18,Getafe,0.8845475943323433,0.8875297713509473,0.9966399132571466,3850
2024-25,6,2024-09-18,Alaves,0.9794685941517891,1.0172278846391143,0.9628802050577672,3850
2024-25,6,2024-09-18,Mallorca,0.8542807368413721,0.9198798500684143,0.9286873027796364,3850
2024-25,6,2024-09-18,Osasuna,0.8959988311703418,1.0066064625397964,0.8901182979787579,3850
2024-25,6,2024-09-18,Espanol,0.968299809547407,1.1166193053208653,0.8671709372507777,3850
2024-25,6,2024-09-18,Leganes,0.7756080656289424,0.902855540028103,0.8590610914397226,3850
2024-25,6,2024-09-18,Valladolid,0.807818489516037,1.1536603487663273,0.700222115096425,3850
2024-25,6,2024-09-18,Las Palmas,0.7993030465295557,1.1767601533259364,0.6792404078863865,3850
2024-25,7,2024-09-22,Barcelona,1.7313713037668879,0.756892837366201,2.2874721734606838,3857
2024-25,7,2024-09-22,Real Madrid,1.662727682947396,0.7775931797189216,2.138300240169835,3857
2024-25,7,2024-09-22,Ath Madrid,1.3509633176746252,0.7284224758443785,1.8546425494471528,3857
2024-25,7,2024-09-22,Ath Bilbao,1.1251750703178076,0.7887801105620487,1.4264749519559503,3857
2024-25,7,2024-09-22,Sociedad,1.1230425389840528,0.8262371423488647,1.359225434711657,3857
2024-25,7,2024-09-22,Girona,1.3932796636206608,1.0631888706819812,1.3104723930442794,3857
2024-25,7,2024-09-22,Villarreal,1.3445768724011251,1.0327751849317064,1.3019066414633471,3857
2024-25,7,2024-09-22,Betis,1.1228970559406886,0.9463017109916012,1.186616322149559,3857
2024-25,7,2024-09-22,Sevilla,1.1316190132440709,0.967000304796723,1.1702364597309542,3857
2024-25,7,2024-09-22,Celta,1.0599357031810714,1.0129874012789375,1.046346382830487,3857
2024-25,7,2024-09-22,Vallecano,0.9520899881687374,0.9402250769240065,1.0126192244133154,3857
2024-25,7,2024-09-22,Valencia,0.9917567948058662,0.9896470979251907,1.002131766854163,3857
2024-25,7,2024-09-22,Getafe,0.885025126814055,0.8986632675702169,0.9848239699470122,3857
2024-25,7,2024-09-22,Alaves,0.9794154198949595,1.010706347852057,0.9690405348461532,3857
2024-25,7,2024-09-22,Mallorca,0.8545648733016801,0.9194350733878895,0.9294455889667348,3857
2024-25,7,2024-09-22,Osasuna,0.9002838605079878,1.0096690089408318,0.8916623690890624,3857
2024-25,7,2024-09-22,Leganes,0.7672079894471192,0.9082988396060673,0.844664724860664,3857
2024-25,7,2024-09-22,Espanol,0.9627655313322571,1.1412671679751976,0.8435934707912146,3857
2024-25,7,2024-09-22,Valladolid,0.8072106154561515,1.1529264844612166,0.7001405782029334,3857
2024-25,7,2024-09-22,Las Palmas,0.8082043201188421,1.183410904277477,0.6829447972784106,3857
2024-25,8,2024-09-27,Barcelona,1.7502137683418508,0.7650949070632703,2.2875773347647117,3870
2024-25,8,2024-09-27,Real Madrid,1.6579017209413807,0.7771785034853604,2.1332315722916935,3870
2024-25,8,2024-09-27,Ath Madrid,1.3402555047895437,0.7368506765138447,1.8188970269125642,3870
2024-25,8,2024-09-27,Ath Bilbao,1.1190959579463031,0.7902203164120941,1.4161822148884144,3870
2024-25,8,2024-09-27,Sociedad,1.123590555257697,0.8259426171993459,1.3603736287003,3870
2024-25,8,2024-09-27,Girona,1.3960953188487826,1.0547296028391318,1.3236523513616751,3870
2024-25,8,2024-09-27,Villarreal,1.3553673418397154,1.0408533425613506,1.3021693704748096,3870
2024-25,8,2024-09-27,Betis,1.1323207472728054,0.9500381817017559,1.1918686733669335,3870
2024-25,8,2024-09-27,Sevilla,1.1298227412271349,0.963123125732545,1.1730823516129356,3870
2024-25,8,2024-09-27,Celta,1.0672912381918542,1.0021754622100187,1.06497442657221,3870
2024-25,8,2024-09-27,Vallecano,0.9516341100268267,0.9344494706574792,1.0183901215731401,3870
2024-25,8,2024-09-27,Valencia,0.9895451278049366,0.9847591438910324,1.0048600553176827,3870
2024-25,8,2024-09-27,Getafe,0.8875741695901705,0.897813694449872,0.9885950449152197,3870
2024-25,8,2024-09-27,Alaves,0.9795386844006497,1.0040240038674582,0.9756128146613109,3870
2024-25,8,2024-09-27,Mallorca,0.8606033800640212,0.9176393918172212,0.9378448524967412,3870
2024-25,8,2024-09-27,Osasuna,0.8954018445136798,1.0063784629203585,0.889726755395141,3870
2024-25,8,2024-09-27,Leganes,0.7682718376568909,0.9099790100740667,0.8442742405611733,3870
2024-25,8,2024-09-27,Espanol,0.9486815143387849,1.1440613548930014,0.8292225852061147,3870
2024-25,8,2024-09-27,Valladolid,0.8003070281374418,1.148772623266296,0.6966626919276115,3870
2024-25,8,2024-09-27,Las Palmas,0.8088298780400758,1.2024490046491012,0.6726521248825089,3870
2024-25,9,2024-10-04,Barcelona,1.739760824145483,0.7740213747445696,2.2476909306537065,3880
2024-25,9,2024-10-04,Real Madrid,1.6496025382244757,0.7720752090476669,2.136582704500011,3880
2024-25,9,2024-10-04,Ath Madrid,1.3346592112194129,0.7309369371265813,1.8259567186003094,3880
2024-25,9,2024-10-04,Ath Bilbao,1.119483076203422,0.7911105828261942,1.4150778671221123,3880
2024-25,9,2024-10-04,Sociedad,1.1380423327300735,0.8245658430281384,1.3801715682894684,3880
2024-25,9,2024-10-04,Girona,1.3923673127064937,1.0409530817140316,1.3375889241941856,3880
2024-25,9,2024-10-04,Villarreal,1.366560753647269,1.039137446461939,1.3150914330920735,3880
2024-25,9,2024-10-04,Betis,1.1312805054006716,0.9457087701155465,1.1962250336987483,3880
2024-25,9,2024-10-04,Sevilla,1.1303194167808102,0.9631452199537095,1.1735711223642218,3880
2024-25,9,2024-10-04,Celta,1.0566537609737816,0.999321525456168,1.057371160389488,3880
2024-25,9,2024-10-04,Vallecano,0.9497715883208967,0.9333457925298686,1.0175988319897016,3880
2024-25,9,2024-10-04,Getafe,0.8964273391082741,0.8929506538840015,1.0038934796779087,3880
2024-25,9,2024-10-04,Valencia,0.9886071476006463,0.9973239505784001,0.9912598078360613,3880
2024-25,9,2024-10-04,Alaves,0.9729888319353616,1.0134532161377618,0.9600727655129373,3880
2024-25,9,2024-10-04,Mallorca,0.8744569983402732,0.9183519085970754,0.9522025164363643,3880
2024-25,9,2024-10-04,Osasuna,0.9068432922406908,0.9962895479920235,0.9102206221759451,3880
2024-25,9,2024-10-04,Leganes,0.7685527767775818,0.9045423087505408,0.8496592910498532,3880
2024-25,9,2024-10-04,Espanol,0.942197956087817,1.1428487692714304,0.8244292520772202,3880
2024-25,9,2024-10-04,Valladolid,0.8038160785968744,1.1669049567809258,0.6888445146503757,3880
2024-25,9,2024-10-04,Las Palmas,0.8067565782800127,1.2271266117458295,0.6574354842914232,3880
2024-25,10,2024-10-18,Barcelona,1.743976025689588,0.7719311092025155,2.259237909832777,3890
2024-25,10,2024-10-18,Real Madrid,1.633901909848202,0.7740232122861779,2.110921073054464,3890
2024-25,10,2024-10-18,Ath Madrid,1.3294775590840153,0.7298966768812851,1.8214599424738163,3890
2024-25,10,2024-10-18,Ath Bilbao,1.1349490267917233,0.7957331243291845,1.426293555076651,3890
2024-25,10,2024-10-18,Sociedad,1.1365884052877342,0.8202697033155419,1.3856276791567792,3890
2024-25,10,2024-10-18,Villarreal,1.3685304762361428,1.0251898468878609,1.3349044378371002,3890
2024-25,10,2024-10-18,Girona,1.4001462848458175,1.0616754895076768,1.3188081468237507,3890
2024-25,10,2024-10-18,Betis,1.1254479521499443,0.947654262382345,1.1876145096637216,3890
2024-25,10,2024-10-18,Sevilla,1.1320044299574819,0.9579072927171705,1.1817473763525412,3890
2024-25,10,2024-10-18,Celta,1.0518077633624978,0.9975946834855125,1.0543437939019176,3890
2024-25,10,2024-10-18,Vallecano,0.9543482320865116,0.9384969052331941,1.0168901216028825,3890
2024-25,10,2024-10-18,Getafe,0.8965194399138512,0.8886075934036722,1.008903644948468,3890
2024-25,10,2024-10-18,Valencia,0.9864992781968916,0.995937582202355,0.9905231972624309,3890
2024-25,10,2024-10-18,Mallorca,0.8817766496160098,0.916106005044643,0.9625268743577766,3890
2024-25,10,2024-10-18,Alaves,0.9705099831686084,1.0194075969622092,0.952033304500267,3890
2024-25,10,2024-10-18,Osasuna,0.9014978068513427,0.9963854283996146,0.9047681561334356,3890
2024-25,10,2024-10-18,Leganes,0.7612014845967313,0.8965808590316866,0.8490048353461773,3890
2024-25,10,2024-10-18,Espanol,0.9383615777271717,1.151106459797154,0.8151822707106761,3890
2024-25,10,2024-10-18,Valladolid,0.8131670299426305,1.1740607107723282,0.6926107163638137,3890
2024-25,10,2024-10-18,Las Palmas,0.8025874250640995,1.2185283970740777,0.6586530334387505,3890
2024-25,11,2024-10-25,Barcelona,1.7533495664024707,0.7666532359407916,2.2870177600579273,3900
2024-25,11,2024-10-25,Real Madrid,1.6273120029479449,0.7743274368843562,2.1015812244697454,3900
2024-25,11,2024-10-25,Ath Madrid,1.3529245664546112,0.7254625572918955,1.8649130170204657,3900
2024-25,11,2024-10-25,Ath Bilbao,1.1284891086278717,0.7898760341150244,1.4286914147132326,3900
2024-25,11,2024-10-25,Sociedad,1.1385324628020184,0.8079889821822566,1.409094044484386,3900
2024-25,11,2024-10-25,Villarreal,1.3615813690009053,1.0274905181411111,1.3251522471119404,3900
2024-25,11,2024-10-25,Girona,1.3824902050452863,1.061858956642267,1.301952765381286,3900
2024-25,11,2024-10-25,Betis,1.135265121836318,0.9509243727776826,1.1938542688943492,3900
2024-25,11,2024-10-25,Sevilla,1.1280992747382972,0.9647751146523069,1.16928728530156,3900
2024-25,11,2024-10-25,Celta,1.0543857879465466,0.9894416450715348,1.0656371633420751,3900
2024-25,11,2024-10-25,Getafe,0.9020599522610405,0.8805322173004051,1.0244485488863049,3900
2024-25,11,2024-10-25,Vallecano,0.9478830649226925,0.9470045635700575,1.000927663272628,3900
2024-25,11,2024-10-25,Valencia,0.9856553114187926,0.9963797558602755,0.9892365893843122,3900
2024-25,11,2024-10-25,Mallorca,0.8946431963629546,0.9081017577396945,0.9851794567491656,3900
2024-25,11,2024-10-25,Alaves,0.956465163970897,1.027051732880045,0.9312726256629643,3900
2024-25,11,2024-10-25,Osasuna,0.9081095222434961,1.004361161756506,0.9041663067250854,3900
2024-25,11,2024-10-25,Espanol,0.9323594083061709,1.140399096713972,0.8175729102142735,3900
2024-25,11,2024-10-25,Leganes,0.7512680326652491,0.9847840586331126,0.7628759077477499,3900
2024-25,11,2024-10-25,Valladolid,0.8327849237553397,1.152873314630875,0.7223559719759663,3900
2024-25,11,2024-10-25,Las Palmas,0.8118298260474442,1.2176046234780922,0.6667433831915399,3900
2024-25,12,2024-11-01,Barcelona,1.7595805731066725,0.7635543403135072,2.3044601807701173,3910
2024-25,12,2024-11-01,Real Madrid,1.6230927269576418,0.7815719339061147,2.0767029323146264,3910
2024-25,12,2024-11-01,Ath Madrid,1.3457840822376694,0.7319395014735545,1.8386548062077692,3910
2024-25,12,2024-11-01,Ath Bilbao,1.124802207519786,0.786156326830189,1.4307615026836071,3910
2024-25,12,2024-11-01,Sociedad,1.13717820940916,0.8097756470925489,1.4043126802987105,3910
2024-25,12,2024-11-01,Villarreal,1.3680852464891182,1.02582575447837,1.3336429120799238,3910
2024-25,12,2024-11-01,Girona,1.3723043736051002,1.0609777283615403,1.2934337233679158,3910
2024-25,12,2024-11-01,Betis,1.1421399947469604,0.9452243300631629,1.2083269107880867,3910
2024-25,12,2024-11-01,Sevilla,1.1226817704614345,0.9623139525953652,1.1666481270832212,3910
2024-25,12,2024-11-01,Celta,1.0505781055315673,0.9922885783078919,1.0587425155321994,3910
2024-25,12,2024-11-01,Getafe,0.9145243449868676,0.8784114208694049,1.0411116286280977,3910
2024-25,12,2024-11-01,Vallecano,0.961762494086854,0.946407479321992,1.0162245281238294,3910
2024-25,12,2024-11-01,Mallorca,0.8888366738987544,0.9043623438340499,0.9828324674936438,3910
2024-25,12,2024-11-01,Valencia,0.9832540082743749,1.0073337920377246,0.9760955266728034,3910
2024-25,12,2024-11-01,Alaves,0.9552548015065145,1.0394713881921267,0.9189813325866683,3910
2024-25,12,2024-11-01,Osasuna,0.9100334761693346,1.0039373832965806,0.9064643784666149,3910
2024-25,12,2024-11-01,Espanol,0.9272812691078408,1.1336196526704612,0.8179827042725042,3910
2024-25,12,2024-11-01,Leganes,0.7639777699696099,0.9750003010360264,0.7835667016285165,3910
2024-25,12,2024-11-01,Valladolid,0.8280104982042121,1.1657238044391938,0.7102973234749643,3910
2024-25,12,2024-11-01,Las Palmas,0.8105677109584283,1.205431935041259,0.6724292657226512,3910
2024-25,13,2024-11-09,Barcelona,1.7514952390627705,0.7627762745994838,2.296210956459599,3919
2024-25,13,2024-11-09,Real Madrid,1.6226571498846936,0.7811895712119656,2.077161817927555,3919
2024-25,13,2024-11-09,Ath Madrid,1.3403902359589346,0.7268763869116643,1.8440415180550214,3919
2024-25,13,2024-11-09,Ath Bilbao,1.145572407445041,0.7906569287744971,1.4488868253145597,3919
2024-25,13,2024-11-09,Sociedad,1.1371586007160168,0.8044121771855356,1.4136516489527657,3919
2024-25,13,2024-11-09,Villarreal,1.3680034481813501,1.025416999536927,1.3340947622275945,3919
2024-25,13,2024-11-09,Girona,1.3698078799773294,1.0540909339402187,1.299515853776441,3919
2024-25,13,2024-11-09,Betis,1.1479692507580705,0.9633450804682578,1.1916490508261812,3919
2024-25,13,2024-11-09,Sevilla,1.116599288512754,0.9616760923382016,1.1610970652268946,3919
2024-25,13,2024-11-09,Celta,1.0561243432314782,0.9880310487515702,1.0689181727294375,3919
2024-25,13,2024-11-09,Getafe,0.9102038576085364,0.8828375924680848,1.0309980741349558,3919
2024-25,13,2024-11-09,Vallecano,0.971440171688865,0.9502152697913856,1.0223369404515454,3919
2024-25,13,2024-11-09,Mallorca,0.8858448426050711,0.9049116096752406,0.9789296911805427,3919
2024-25,13,2024-11-09,Valencia,0.9833645645155326,1.006728246620061,0.9767924639216505,3919
2024-25,13,2024-11-09,Osasuna,0.9237423703931972,0.9985776292537242,0.9250581460387268,3919
2024-25,13,2024-11-09,Alaves,0.9564059316160501,1.036397362592573,0.9228177976288724,3919
2024-25,13,2024-11-09,Espanol,0.9267315248418678,1.122176611373527,0.825833933312478,3919
2024-25,13,2024-11-09,Leganes,0.7470571681207412,0.969707698287606,0.7703941810918482,3919
2024-25,13,2024-11-09,Valladolid,0.8182163182750174,1.1870006855640576,0.689314107587229,3919
2024-25,13,2024-11-09,Las Palmas,0.8076121056771862,1.2079751195695547,0.6685668376720935,3919
2024-25,14,2024-11-23,Barcelona,1.7472482194564576,0.7685163131684111,2.2735343277919062,3928
2024-25,14,2024-11-23,Real Madrid,1.631755968940459,0.7780575260971786,2.0972176403530534,3928
2024-25,14,2024-11-23,Ath Madrid,1.3398831514984202,0.7267415557324132,1.8436858893366574,3928
2024-25,14,2024-11-23,Ath Bilbao,1.1477588475428735,0.792028495817706,1.4491383246986644,3928
2024-25,14,2024-11-23,Sociedad,1.1434106272859201,0.7995060183417702,1.4301463666995673,3928
2024-25,14,2024-11-23,Villarreal,1.3649493076027266,1.0243446666088096,1.3325098007504848,3928
2024-25,14,2024-11-23,Girona,1.3619973944617272,1.043676831382975,1.3049991659362083,3928
2024-25,14,2024-11-23,Betis,1.1498390816508908,0.9644397780500225,1.1922352310848507,3928
2024-25,14,2024-11-23,Sevilla,1.1139646376345058,0.9639062745080736,1.1556773382381125,3928
2024-25,14,2024-11-23,Celta,1.0569530821639876,0.9900842781034416,1.067538497014251,3928
2024-25,14,2024-11-23,Vallecano,0.9732876529358822,0.9526484539151726,1.0216650737592519,3928
2024-25,14,2024-11-23,Getafe,0.8945872528828526,0.8783789468774953,1.0184525210479776,3928
2024-25,14,2024-11-23,Mallorca,0.8851399570839367,0.9035951867011711,0.9795757769752953,3928
2024-25,14,2024-11-23,Valencia,0.9850863350334125,1.0091012168707967,0.9762017115469805,3928
2024-25,14,2024-11-23,Alaves,0.9532301295843483,1.0326797752777983,0.9230645863359941,3928
2024-25,14,2024-11-23,Osasuna,0.91951976051418,1.0072739694453723,0.9128795029027588,3928
2024-25,14,2024-11-23,Espanol,0.9285056286137928,1.1243964143397736,0.8257813852590374,3928
2024-25,14,2024-11-23,Leganes,0.7494530283135213,0.9566901951242383,0.783381111391233,3928
2024-25,14,2024-11-23,Valladolid,0.8175395007173064,1.1773833516649428,0.6943698495152155,3928
2024-25,14,2024-11-23,Las Palmas,0.8090619398490162,1.210626095288338,0.6683004298336389,3928
2024-25,15,2024-11-30,Barcelona,1.7493132216646168,0.7779770630967648,2.2485408691888864,3938
2024-25,15,2024-11-30,Real Madrid,1.6392216624218714,0.7715583528448559,2.124559544171618,3938
2024-25,15,2024-11-30,Ath Madrid,1.3400210099136034,0.7256822412024934,1.8465671802759271,3938
2024-25,15,2024-11-30,Ath Bilbao,1.1499713147356758,0.7895282264340963,1.4565297049980348,3938
2024-25,15,2024-11-30,Sociedad,1.1423744271778349,0.8000643767862426,1.427853133227364,3938
2024-25,15,2024-11-30,Villarreal,1.3747348936887833,1.022284339014776,1.3447676357965932,3938
2024-25,15,2024-11-30,Girona,1.373384721181092,1.0363599191454045,1.3252005368111903,3938
2024-25,15,2024-11-30,Betis,1.1483437345036211,0.9644849050647728,1.190629037814232,3938
2024-25,15,2024-11-30,Sevilla,1.1138924864626965,0.9613360895920559,1.1586920521577195,3938
2024-25,15,2024-11-30,Celta,1.0695013086678462,0.9893179376385203,1.0810491430295117,3938
2024-25,15,2024-11-30,Vallecano,0.9716020329085381,0.9509756759955338,1.0216896787516794,3938
2024-25,15,2024-11-30,Getafe,0.8946958668345019,0.8767071203709595,1.020518535832047,3938
2024-25,15,2024-11-30,Valencia,0.9899636731663807,1.0019135985887773,0.9880728982626562,3938
2024-25,15,2024-11-30,Mallorca,0.8824342034185183,0.90603218611499,0.9739545867595958,3938
2024-25,15,2024-11-30,Alaves,0.9536993951783286,1.0308308247009588,0.9251754723720007,3938
2024-25,15,2024-11-30,Osasuna,0.919414283030614,1.014468947349179,0.9063010607008286,3938
2024-25,15,2024-11-30,Espanol,0.9218418546370207,1.1332129483858469,0.8134762808262084,3938
2024-25,15,2024-11-30,Leganes,0.7287139548066632,0.9798242639292893,0.74371903374221,3938
2024-25,15,2024-11-30,Valladolid,0.8171701409747208,1.1757038844573404,0.6950475810938527,3938
2024-25,15,2024-11-30,Las Palmas,0.8109681408997697,1.212818361303329,0.6686641353518761,3938
2024-25,16,2024-12-07,Barcelona,1.7692020992013457,0.77717482633142,2.276453172772845,3950
2024-25,16,2024-12-07,Real Madrid,1.6515877692489054,0.7739494881853358,2.1339735918959657,3950
2024-25,16,2024-12-07,Ath Madrid,1.3522600901235104,0.7226482919639845,1.8712561908205612,3950
2024-25,16,2024-12-07,Ath Bilbao,1.150461377435314,0.7891994221115033,1.4577575010854091,3950
2024-25,16,2024-12-07,Sociedad,1.1349496806988792,0.7949271612126144,1.4277404724321918,3950
2024-25,16,2024-12-07,Villarreal,1.372055274596562,1.014380346876194,1.3526043547884534,3950
2024-25,16,2024-12-07,Girona,1.3615987508274001,1.0339969476967905,1.316830532101992,3950
2024-25,16,2024-12-07,Betis,1.1422239742955633,0.9579197572355026,1.1924004757892783,3950
2024-25,16,2024-12-07,Sevilla,1.10869877198198,0.9611375411539269,1.1535276945387998,3950
2024-25,16,2024-12-07,Celta,1.0688441345715598,0.9904534517960504,1.0791462563266945,3950
2024-25,16,2024-12-07,Vallecano,0.965157155567041,0.944753439786493,1.0215968684751855,3950
2024-25,16,2024-12-07,Getafe,0.8913550278483829,0.8838117329024582,1.0085349567844641,3950
2024-25,16,2024-12-07,Valencia,0.989570384789507,1.001136883928975,0.9884466356947363,3950
2024-25,16,2024-12-07,Mallorca,0.8837026110835967,0.9346832117274434,0.9454568135982389,3950
2024-25,16,2024-12-07,Alaves,0.9523780157975584,1.0347359051487337,0.9204068507322773,3950
2024-25,16,2024-12-07,Osasuna,0.9193288948403772,1.009557802804941,0.9106253176253275,3950
2024-25,16,2024-12-07,Espanol,0.9227805627624058,1.1350820012492198,0.8129637874152136,3950
2024-25,16,2024-12-07,Leganes,0.7428588572635361,0.9775961828163087,0.7598831402179482,3950
2024-25,16,2024-12-07,Valladolid,0.8099515029280359,1.196275203340408,0.6770611817969437,3950
2024-25,16,2024-12-07,Las Palmas,0.8090312235559978,1.1978114343400916,0.6754245287378777,3950
2024-25,17,2024-12-14,Barcelona,1.7697056654622032,0.7876599894651144,2.2467888291037585,3960
2024-25,17,2024-12-14,Real Madrid,1.6464868672274524,0.7656046874469992,2.1505705153371784,3960
2024-25,17,2024-12-14,Ath Madrid,1.3566021861489657,0.721475516685777,1.8803163167348398,3960
2024-25,17,2024-12-14,Ath Bilbao,1.1484248652310474,0.7870311543072923,1.459186029607477,3960
2024-25,17,2024-12-14,Sociedad,1.140081798607942,0.7926910508093717,1.4382422981108078,3960
2024-25,17,2024-12-14,Villarreal,1.3702072936804084,1.0119645830070227,1.3540071625914794,3960
2024-25,17,2024-12-14,Girona,1.348239015000703,1.0270998395077402,1.312665977678349,3960
2024-25,17,2024-12-14,Betis,1.1545777244370967,0.9568102139906517,1.2066946062601054,3960
2024-25,17,2024-12-14,Sevilla,1.1079871751249222,0.9642487265393803,1.1490678127223553,3960
2024-25,17,2024-12-14,Celta,1.0697938944445522,0.9909514110102062,1.0795624109904354,3960
2024-25,17,2024-12-14,Vallecano,0.9655701227323329,0.9420672726041701,1.0249481653928956,3960
2024-25,17,2024-12-14,Getafe,0.8846975918027329,0.8859717747651205,0.998561824429762,3960
2024-25,17,2024-12-14,Valencia,0.9821922998400746,0.9965337650590834,0.9856086509841856,3960
2024-25,17,2024-12-14,Mallorca,0.8845403448276936,0.934918918377334,0.9461144998145096,3960
2024-25,17,2024-12-14,Alaves,0.9578355388863028,1.043073706647141,0.9182817405734174,3960
2024-25,17,2024-12-14,Osasuna,0.9281197093950754,1.01396999713728,0.9153325167563302,3960
2024-25,17,2024-12-14,Espanol,0.927186252337454,1.125639744063901,0.8236971528652944,3960
2024-25,17,2024-12-14,Leganes,0.7331816343720391,0.9907309819722572,0.7400410885632018,3960
2024-25,17,2024-12-14,Valladolid,0.8044426042399421,1.1868058155039172,0.6778215894555388,3960
2024-25,17,2024-12-14,Las Palmas,0.8070852690362779,1.2020894433316496,0.6714020104855106,3960
2024-25,18,2024-12-18,Barcelona,1.7690210640037123,0.7900680352478683,2.2390743392734738,3969
2024-25,18,2024-12-18,Real Madrid,1.6455059970054347,0.7704638311081394,2.1357342558686283,3969
2024-25,18,2024-12-18,Ath Madrid,1.3589908711843417,0.7196013096434303,1.8885330709830634,3969
2024-25,18,2024-12-18,Ath Bilbao,1.146358887605656,0.786121340395501,1.4582467472882978,3969
2024-25,18,2024-12-18,Sociedad,1.1357348248842172,0.7949519597626573,1.4286835964569542,3969
2024-25,18,2024-12-18,Villarreal,1.369733445202107,1.0167352843126087,1.3471878731228968,3969
2024-25,18,2024-12-18,Girona,1.3456169757218044,1.0318294546424323,1.304107931468298,3969
2024-25,18,2024-12-18,Betis,1.159507153751335,0.9565777176713953,1.2121410862192488,3969
2024-25,18,2024-12-18,Sevilla,1.1006972293939208,0.9642981608736015,1.1414490601089078,3969
2024-25,18,2024-12-18,Celta,1.0694416205508774,0.9848773976808674,1.0858626901877706,3969
2024-25,18,2024-12-18,Vallecano,0.9719727041204351,0.9395244538436422,1.0345368874051606,3969
2024-25,18,2024-12-18,Getafe,0.8823131668518964,0.8880024819126993,0.993593131577123,3969
2024-25,18,2024-12-18,Valencia,0.983562303143063,0.9980948589186843,0.985439704807852,3969
2024-25,18,2024-12-18,Mallorca,0.8886954983213994,0.9331214967306979,0.9523899100332055,3969
2024-25,18,2024-12-18,Alaves,0.956101217615299,1.0408943271841768,0.9185382153073504,3969
2024-25,18,2024-12-18,Osasuna,0.9211145819364008,1.0072052975926706,0.9145251560312124,3969
2024-25,18,2024-12-18,Espanol,0.9144222753086595,1.1175192436947552,0.8182608760144352,3969
2024-25,18,2024-12-18,Leganes,0.7384331761879086,0.9830789749598112,0.7511432906172122,3969
2024-25,18,2024-12-18,Las Palmas,0.8104640564832509,1.1931509161326987,0.679263658540504,3969
2024-25,18,2024-12-18,Valladolid,0.8058525351117664,1.1892146593616553,0.6776342090706573,3969
2024-25,19,2024-12-22,Barcelona,1.7798456937623257,0.7869950478338191,2.261571656214736,3976
2024-25,19,2024-12-22,Real Madrid,1.6451905645503933,0.7701478870482439,2.1362008417057887,3976
2024-25,19,2024-12-22,Ath Madrid,1.3560372749843999,0.7295563879619763,1.8587148263789517,3976
2024-25,19,2024-12-22,Ath Bilbao,1.1452885288838497,0.7813369558950538,1.4658061675476162,3976
2024-25,19,2024-12-22,Sociedad,1.1285227514971867,0.7941875329101706,1.4209776718124738,3976
2024-25,19,2024-12-22,Villarreal,1.3749539217318845,1.022053170839088,1.3452860975941896,3976
2024-25,19,2024-12-22,Girona,1.3426305541572112,1.022166144088018,1.3135149915918152,3976
2024-25,19,2024-12-22,Betis,1.1593075763603302,0.9561899740594453,1.212423898818518,3976
2024-25,19,2024-12-22,Sevilla,1.1005205432654506,0.9639021687710251,1.1417346893913662,3976
2024-25,19,2024-12-22,Celta,1.0686734372924511,0.978313629791048,1.0923628218495764,3976
2024-25,19,2024-12-22,Vallecano,0.979856481361219,0.9447237391015472,1.0371883766709238,3976
2024-25,19,2024-12-22,Valencia,0.9883254518176816,1.0016470609742085,0.9867002962664612,3976
2024-25,19,2024-12-22,Getafe,0.8787233851411892,0.8958610101154345,0.9808702189505523,3976
2024-25,19,2024-12-22,Mallorca,0.9001567995783937,0.929094996310603,0.9688533499296395,3976
2024-25,19,2024-12-22,Alaves,0.9558964180663614,1.040513833105967,0.9186772800636203,3976
2024-25,19,2024-12-22,Osasuna,0.915431699929342,1.0059889782056706,0.9099818385308249,3976
2024-25,19,2024-12-22,Espanol,0.9210124294816733,1.1236616828443955,0.819652786548934,3976
2024-25,19,2024-12-22,Leganes,0.7385229644796483,0.9831688459401147,0.7511659543823992,3976
2024-25,19,2024-12-22,Las Palmas,0.8108691465802003,1.1924705354570186,0.6799909284713955,3976
2024-25,19,2024-12-22,Valladolid,0.7923669071371372,1.1859733453294432,0.6681152744769582,3976
2024-25,20,2025-01-17,Barcelona,1.7753534134565228,0.7850435184649998,2.261471334643819,3990
2024-25,20,2025-01-17,Real Madrid,1.6531009882524532,0.7736901293896014,2.136644795451453,3990
2024-25,20,2025-01-17,Ath Madrid,1.3548079017684116,0.7255172256689735,1.867368346105348,3990
2024-25,20,2025-01-17,Ath Bilbao,1.142598958858145,0.7793125383285695,1.4661626788512014,3990
2024-25,20,2025-01-17,Sociedad,1.1188844403406966,0.792167748967599,1.412433719750513,3990
2024-25,20,2025-01-17,Villarreal,1.39160530678596,1.016566805349934,1.3689265668151795,3990
2024-25,20,2025-01-17,Girona,1.3285459879462427,1.0219528984018122,1.300007064928235,3990
2024-25,20,2025-01-17,Betis,1.1553965278367588,0.956419121712887,1.2080441530356647,3990
2024-25,20,2025-01-17,Sevilla,1.0950063189916195,0.9654485934943469,1.1341943282845863,3990
2024-25,20,2025-01-17,Celta,1.083242597564442,0.9737016318760056,1.1124995194651022,3990
2024-25,20,2025-01-17,Vallecano,0.9730568427659886,0.9636670532756486,1.009743810850877,3990
2024-25,20,2025-01-17,Valencia,0.9870746503987777,1.0026613671661455,0.9844546551031271,3990
2024-25,20,2025-01-17,Getafe,0.8788878094361954,0.8976252104903414,0.9791255851159635,3990
2024-25,20,2025-01-17,Mallorca,0.8978955782276049,0.9267842382660498,0.9688291418372699,3990
2024-25,20,2025-01-17,Alaves,0.960863767663027,1.028973346191409,0.9338082188615677,3990
2024-25,20,2025-01-17,Osasuna,0.9106296338373693,1.0056998013537641,0.9054686424433795,3990
2024-25,20,2025-01-17,Espanol,0.9113413112671107,1.127271797579121,0.8084486041647337,3990
2024-25,20,2025-01-17,Leganes,0.7717344662801927,1.028129907400895,0.7506196062627261,3990
2024-25,20,2025-01-17,Las Palmas,0.8115955346639739,1.188927522202036,0.6826282675001096,3990
2024-25,20,2025-01-17,Valladolid,0.7970925512581069,1.1773742132306821,0.6770086709058346,3990
2024-25,21,2025-01-24,Barcelona,1.7854060323803576,0.7842744230588824,2.276506768404854,4000
2024-25,21,2025-01-24,Real Madrid,1.6772711180137605,0.7749080141406619,2.1644777023938495,4000
2024-25,21,2025-01-24,Ath Madrid,1.363814947872009,0.7232848478790705,1.8855848451287227,4000
2024-25,21,2025-01-24,Ath Bilbao,1.1503691480172977,0.7714270605193507,1.4912221866352866,4000
2024-25,21,2025-01-24,Sociedad,1.1136547827889491,0.7938218629681529,1.4029026343831341,4000
2024-25,21,2025-01-24,Villarreal,1.3921587684289123,1.0093578782351333,1.3792518971200858,4000
2024-25,21,2025-01-24,Girona,1.3179384421194578,1.0374077037857432,1.2704151292784818,4000
2024-25,21,2025-01-24,Betis,1.1436563059530935,0.9574524307413684,1.194478461000454,4000
2024-25,21,2025-01-24,Sevilla,1.1074974352497968,0.957936939177546,1.1561277052335603,4000
2024-25,21,2025-01-24,Celta,1.0752644379748424,0.9792431799468061,1.0980566012553208,4000
2024-25,21,2025-01-24,Vallecano,0.968141259751371,0.9554425326494121,1.0132909376210684,4000
2024-25,21,2025-01-24,Valencia,0.9900602260015776,0.9966418566341475,0.9933961928362137,4000
2024-25,21,2025-01-24,Getafe,0.8791547930325695,0.9070831251263944,0.9692108349056395,4000
2024-25,21,2025-01-24,Mallorca,0.8904577788742837,0.927664433535931,0.9598921190501736,4000
2024-25,21,2025-01-24,Alaves,0.9646341752863714,1.0154396112714432,0.9499670532633075,4000
2024-25,21,2025-01-24,Osasuna,0.903581698542105,1.0003613507908296,0.903255306522772,4000
2024-25,21,2025-01-24,Espanol,0.9065903282672509,1.1312418289555946,0.8014116036570621,4000
2024-25,21,2025-01-24,Leganes,0.7691098698363189,1.0563730832659728,0.7280665155330098,4000
2024-25,21,2025-01-24,Valladolid,0.8064342219881877,1.1705610976833256,0.6889296283502103,4000
2024-25,21,2025-01-24,Las Palmas,0.8168775074725532,1.2326186668464971,0.6627171317812617,4000
2024-25,22,2025-01-31,Barcelona,1.796530582683812,0.7867211426403163,2.2835671819553145,4010
2024-25,22,2025-01-31,Real Madrid,1.676952724681064,0.7689158819471964,2.1809313138835975,4010
2024-25,22,2025-01-31,Ath Madrid,1.359894082480599,0.7266964581503281,1.871337154913289,4010
2024-25,22,2025-01-31,Ath Bilbao,1.1529012281456719,0.7767036249492327,1.4843515481481477,4010
2024-25,22,2025-01-31,Villarreal,1.3954911496592277,1.0058649102783679,1.3873544403423246,4010
2024-25,22,2025-01-31,Sociedad,1.1107534789859583,0.8010592253188054,1.386605938585753,4010
2024-25,22,2025-01-31,Girona,1.3186566275739582,1.0511619470144882,1.254475232212514,4010
2024-25,22,2025-01-31,Betis,1.1375382898483726,0.9526527308799952,1.1940744543896837,4010
2024-25,22,2025-01-31,Sevilla,1.100605309740771,0.9584341319790683,1.1483369310608063,4010
2024-25,22,2025-01-31,Celta,1.0653678811621592,0.9738009546789793,1.0940304340873908,4010
2024-25,22,2025-01-31,Vallecano,0.9815028576843303,0.9560223245388442,1.026652654955288,4010
2024-25,22,2025-01-31,Valencia,0.9928195673195909,1.006981116125625,0.9859366292185091,4010
2024-25,22,2025-01-31,Getafe,0.8877859229194752,0.9045123225621102,0.9815078255702963,4010
2024-25,22,2025-01-31,Mallorca,0.88439988371015,0.9211492757177889,0.9601048462215827,4010
2024-25,22,2025-01-31,Alaves,0.9578112119192623,1.0049114372073698,0.9531299739019807,4010
2024-25,22,2025-01-31,Osasuna,0.9135415324468611,0.9964566060330619,0.9167900808884298,4010
2024-25,22,2025-01-31,Espanol,0.9090538486346649,1.1224473501492709,0.8098855135733294,4010
2024-25,22,2025-01-31,Leganes,0.78997823992717,1.0647085377783962,0.741966662139787,4010
2024-25,22,2025-01-31,Valladolid,0.795586303158947,1.171935736088456,0.6788651277196801,4010
2024-25,22,2025-01-31,Las Palmas,0.8102845314825027,1.2475181200603973,0.6495172442411286,4010
2024-25,23,2025-02-07,Barcelona,1.7847319871383203,0.7810457653376359,2.285054303273514,4020
2024-25,23,2025-02-07,Real Madrid,1.6722263460157638,0.7648172224640002,2.18643918690583,4020
2024-25,23,2025-02-07,Ath Madrid,1.357553449075052,0.7242913404375049,1.8743195911399797,4020
2024-25,23,2025-02-07,Ath Bilbao,1.1568107205913516,0.7766402246406086,1.4895065744588074,4020
2024-25,23,2025-02-07,Villarreal,1.4068639680865707,1.0050772605317844,1.3997570369288843,4020
2024-25,23,2025-02-07,Sociedad,1.1196389168866236,0.8012524363955923,1.3973610138688406,4020
2024-25,23,2025-02-07,Girona,1.3159704965050667,1.0541263746870608,1.2483991749999992,4020
2024-25,23,2025-02-07,Betis,1.1379696182739303,0.9561286371339425,1.1901846405155982,4020
2024-25,23,2025-02-07,Sevilla,1.0986978759974375,0.955803574966949,1.14950174363538,4020
2024-25,23,2025-02-07,Celta,1.060523407909074,0.976569657407855,1.0859680104377403,4020
2024-25,23,2025-02-07,Vallecano,0.9931796894214273,0.9550331024280266,1.039942685647669,4020
2024-25,23,2025-02-07,Valencia,0.996553393191464,1.0023551924883989,0.9942118329506214,4020
2024-25,23,2025-02-07,Getafe,0.8850909895966139,0.9025419892371823,0.9806646118976494,4020
2024-25,23,2025-02-07,Mallorca,0.8815203006565984,0.9184319028225582,0.9598101916402058,4020
2024-25,23,2025-02-07,Alaves,0.9501749177709891,0.9918983449184915,0.9579357830757032,4020
2024-25,23,2025-02-07,Osasuna,0.9141865992327776,1.004343391340029,0.9102331006659373,4020
2024-25,23,2025-02-07,Espanol,0.9023142145067714,1.116454828040319,0.8081958999546606,4020
2024-25,23,2025-02-07,Leganes,0.787869296117373,1.0888425208710684,0.7235842475063168,4020
2024-25,23,2025-02-07,Valladolid,0.7939769055689475,1.189432680052713,0.6675257195167701,4020
2024-25,23,2025-02-07,Las Palmas,0.8160625921338248,1.2442685913763165,0.6558572624831409,4020
2024-25,24,2025-02-14,Barcelona,1.7834337869395118,0.7776857899186268,2.293257521300629,4030
2024-25,24,2025-02-14,Real Madrid,1.676829732730898,0.7674820666391748,2.1848454910142485,4030
2024-25,24,2025-02-14,Ath Madrid,1.3600096198249942,0.7288996937262312,1.865839197808475,4030
2024-25,24,2025-02-14,Ath Bilbao,1.1704960954233257,0.769033796564356,1.5220346630440624,4030
2024-25,24,2025-02-14,Sociedad,1.1174381479923914,0.8008282797036687,1.3953530067717865,4030
2024-25,24,2025-02-14,Villarreal,1.4003769957932894,1.00840168854462,1.3887094911695252,4030
2024-25,24,2025-02-14,Girona,1.3039072909644716,1.0720418760723431,1.216283915831364,4030
2024-25,24,2025-02-14,Betis,1.139296170761166,0.9567298430365686,1.1908232810478132,4030
2024-25,24,2025-02-14,Sevilla,1.0947803280225572,0.9551207663973263,1.1462218878896546,4030
2024-25,24,2025-02-14,Celta,1.0616464643115762,0.9774039065228894,1.0861901177460802,4030
2024-25,24,2025-02-14,Vallecano,1.002443588598659,0.9527005606481357,1.0522126573712545,4030
2024-25,24,2025-02-14,Valencia,0.9986727871502521,0.9984701819073282,1.0002029156669825,4030
2024-25,24,2025-02-14,Getafe,0.883039397896834,0.9014269705400447,0.9796017056909284,4030
2024-25,24,2025-02-14,Alaves,0.9491530395669117,0.9895034843186815,0.9592215233283863,4030
2024-25,24,2025-02-14,Mallorca,0.8795282435261867,0.9248875846659298,0.9509569142328503,4030
2024-25,24,2025-02-14,Osasuna,0.9209461719239153,1.0023365159047033,0.9187993825533478,4030
2024-25,24,2025-02-14,Espanol,0.9017821977441587,1.113765749011072,0.8096695364755683,4030
2024-25,24,2025-02-14,Leganes,0.7772599171717408,1.0950641881493863,0.7097848012775199,4030
2024-25,24,2025-02-14,Las Palmas,0.825321137699426,1.234937500573193,0.6683100459062546,4030
2024-25,24,2025-02-14,Valladolid,0.7901397679744139,1.2015594286450773,0.6575952459258754,4030
2024-25,25,2025-02-21,Barcelona,1.7848960306012323,0.7803961018823639,2.2871667686396076,4040
2024-25,25,2025-02-21,Real Madrid,1.6826840959607499,0.7714475475164781,2.1812035068071918,4040
2024-25,25,2025-02-21,Ath Madrid,1.3494768597697255,0.7320970312707619,1.8433032810245467,4040
2024-25,25,2025-02-21,Ath Bilbao,1.1658322240432228,0.7693423003399974,1.515362178224184,4040
2024-25,25,2025-02-21,Villarreal,1.3911410328015286,1.0048629834112233,1.3844086763739685,4040
2024-25,25,2025-02-21,Sociedad,1.109726650653396,0.8077647054335817,1.3738241386242929,4040
2024-25,25,2025-02-21,Girona,1.297567582737826,1.0701971846380456,1.2124565466659118,4040
2024-25,25,2025-02-21,Betis,1.1470526374306163,0.9497379718792239,1.2077569512788568,4040
2024-25,25,2025-02-21,Sevilla,1.0942437464514083,0.9505711642170207,1.1511434258083453,4040
2024-25,25,2025-02-21,Celta,1.065239811073288,0.9682219723427257,1.1002020626487294,4040
2024-25,25,2025-02-21,Vallecano,1.0060196268515704,0.9547393601241474,1.053711273326738,4040
2024-25,25,2025-02-21,Valencia,0.9947248446587398,0.9906725180740331,1.0040904804673343,4040
2024-25,25,2025-02-21,Getafe,0.8815419352672234,0.8977403032874121,0.9819565101835438,4040
2024-25,25,2025-02-21,Alaves,0.9514644270457778,0.9937598873157872,0.9574389540070365,4040
2024-25,25,2025-02-21,Mallorca,0.8858271689042468,0.9261965475239912,0.9564138100841942,4040
2024-25,25,2025-02-21,Osasuna,0.9254069326131382,1.0083957438925735,0.9177021404720682,4040
2024-25,25,2025-02-21,Espanol,0.9029304305686321,1.107860439672269,0.8150218188454675,4040
2024-25,25,2025-02-21,Leganes,0.7905694568988886,1.1002780220444839,0.7185179028023211,4040
2024-25,25,2025-02-21,Las Palmas,0.82791061558487,1.2431017294451907,0.6660039126117017,4040
2024-25,25,2025-02-21,Valladolid,0.7816490200102708,1.2008148547657267,0.6509321706906822,4040
2024-25,26,2025-02-28,Barcelona,1.7793187007364315,0.7765561367757469,2.291294365561445,4050
2024-25,26,2025-02-28,Real Madrid,1.6799389535868572,0.765984755741278,2.1931754398442362,4050
2024-25,26,2025-02-28,Ath Madrid,1.3569123206440508,0.7341785484342992,1.848204804591181,4050
2024-25,26,2025-02-28,Ath Bilbao,1.1908599434536569,0.7698147076113682,1.5469436108186807,4050
2024-25,26,2025-02-28,Villarreal,1.3856726652772529,0.9977766948800874,1.3887603031696214,4050
2024-25,26,2025-02-28,Sociedad,1.1043769912164705,0.8044566318466457,1.3728235277038512,4050
2024-25,26,2025-02-28,Betis,1.1569631720143818,0.9472348827089061,1.221411070404939,4050
2024-25,26,2025-02-28,Girona,1.2893059818975654,1.0668901872896661,1.2084711221994886,4050
2024-25,26,2025-02-28,Sevilla,1.0951003232819188,0.9555470062195871,1.1460454756845964,4050
2024-25,26,2025-02-28,Celta,1.0710669837154851,0.9670964132013642,1.1075079682799658,4050
2024-25,26,2025-02-28,Vallecano,0.9967435809714787,0.9493180211252641,1.0499575050624228,4050
2024-25,26,2025-02-28,Valencia,0.9978137139290815,0.9966126159752648,1.0012051803625235,4050
2024-25,26,2025-02-28,Getafe,0.8791929119625166,0.905930688816307,0.9704858471140589,4050
2024-25,26,2025-02-28,Mallorca,0.8932008273479883,0.9271917541849906,0.9633399168148551,4050
2024-25,26,2025-02-28,Alaves,0.9518454801918623,0.9898483036131897,0.9616074268323664,4050
2024-25,26,2025-02-28,Osasuna,0.9249071296826794,1.0137696053493217,0.9123445058938985,4050
2024-25,26,2025-02-28,Espanol,0.8970397237598376,1.107327374323518,0.8100944170262674,4050
2024-25,26,2025-02-28,Leganes,0.7808504213337757,1.0861694890177005,0.7189029237416287,4050
2024-25,26,2025-02-28,Las Palmas,0.8205576283810996,1.2337925915692167,0.6650693430874485,4050
2024-25,26,2025-02-28,Valladolid,0.7821283810461,1.2386183117084737,0.6314522994313563,4050
2024-25,27,2025-03-08,Barcelona,1.7895008170338504,0.7698974909454603,2.3243364708674172,4059
2024-25,27,2025-03-08,Real Madrid,1.6747802821844369,0.7718030027500556,2.1699582357375276,4059
2024-25,27,2025-03-08,Ath Madrid,1.3600871877460177,0.7377784634714066,1.843489956790707,4059
2024-25,27,2025-03-08,Ath Bilbao,1.1955576241830383,0.772637137304984,1.547372714121965,4059
2024-25,27,2025-03-08,Villarreal,1.3850854802309989,0.9970505132669248,1.3891828566364635,4059
2024-25,27,2025-03-08,Sociedad,1.0976205435887758,0.813967389821548,1.348482208641571,4059
2024-25,27,2025-03-08,Betis,1.16351765205211,0.9421642825377269,1.2349413723455596,4059
2024-25,27,2025-03-08,Girona,1.278467031425504,1.0698014637185425,1.195050740519327,4059
2024-25,27,2025-03-08,Sevilla,1.0928430474358004,0.9626200519509672,1.1352797453376406,4059
2024-25,27,2025-03-08,Celta,1.0733921780923064,0.9600592467985722,1.1180478513921466,4059
2024-25,27,2025-03-08,Vallecano,1.0075361273334302,0.9464681030895018,1.064522009822188,4059
2024-25,27,2025-03-08,Valencia,1.0010421439800345,0.9954566208959644,1.0056110160571767,4059
2024-25,27,2025-03-08,Getafe,0.8751664168088492,0.9019266706017713,0.97032990079441,4059
2024-25,27,2025-03-08,Alaves,0.9584835265352097,0.9937903693351181,0.9644725448249917,4059
2024-25,27,2025-03-08,Mallorca,0.8977352143036023,0.9324320307893545,0.9627889054214712,4059
2024-25,27,2025-03-08,Osasuna,0.9237194427867931,1.016428195895091,0.908789668091944,4059
2024-25,27,2025-03-08,Espanol,0.8967361595952765,1.1065339928921005,0.8104009143465314,4059
2024-25,27,2025-03-08,Leganes,0.7693933965512365,1.076515995751306,0.7147068873921125,4059
2024-25,27,2025-03-08,Las Palmas,0.8062706196153905,1.2420922668134495,0.6491229686856143,4059
2024-25,27,2025-03-08,Valladolid,0.7916230537469685,1.2273889786942909,0.6449650986675025,4059
2024-25,28,2025-03-15,Barcelona,1.7897156126714548,0.7700952138958052,2.3240186153313838,4069
2024-25,28,2025-03-15,Real Madrid,1.6696770116447208,0.7744128293735899,2.1560554633312257,4069
2024-25,28,2025-03-15,Ath Madrid,1.3583387590620493,0.7409209870510992,1.8333112204964015,4069
2024-25,28,2025-03-15,Ath Bilbao,1.1905038233369174,0.7746559728713115,1.5368161674713996,4069
2024-25,28,2025-03-15,Villarreal,1.393918870424431,0.9962507811343809,1.3991646449072244,4069
2024-25,28,2025-03-15,Sociedad,1.0921305733011641,0.814304619068131,1.3411818473423003,4069
2024-25,28,2025-03-15,Betis,1.1646472370827388,0.9398232011507531,1.2392194996428083,4069
2024-25,28,2025-03-15,Girona,1.278811995218179,1.0596836057484946,1.206786618459484,4069
2024-25,28,2025-03-15,Sevilla,1.0932484699880702,0.9579673787485137,1.1412168036622368,4069
2024-25,28,2025-03-15,Celta,1.0687614965066088,0.9614111194522077,1.1116591798059992,4069
2024-25,28,2025-03-15,Vallecano,1.0111131232336041,0.9406518565621526,1.0749068490960831,4069
2024-25,28,2025-03-15,Valencia,1.0053680087572778,0.9945510364203551,1.0108762365537878,4069
2024-25,28,2025-03-15,Getafe,0.8788453666993519,0.9001909920260274,0.9762876705990651,4069
2024-25,28,2025-03-15,Mallorca,0.90018278801747,0.9267589249724746,0.9713235705220816,4069
2024-25,28,2025-03-15,Alaves,0.9593828106833444,1.0094354424810579,0.9504152225181526,4069
2024-25,28,2025-03-15,Osasuna,0.9239221889366649,1.0166955964544528,0.9087500645804714,4069
2024-25,28,2025-03-15,Espanol,0.8843444505308751,1.1071210051058145,0.798778495261548,4069
2024-25,28,2025-03-15,Leganes,0.7729352535789253,1.0658795309410902,0.7251619260353771,4069
2024-25,28,2025-03-15,Las Palmas,0.8116860628028117,1.246759220657812,0.6510367433854245,4069
2024-25,28,2025-03-15,Valladolid,0.7892371275161864,1.2341377695466071,0.6395048810524074,4069
2024-25,29,2025-03-29,Barcelona,1.808385380840339,0.7650327171180462,2.363801364800064,4079
2024-25,29,2025-03-29,Real Madrid,1.6630210033281252,0.7761144659790064,2.1427522307941484,4079
2024-25,29,2025-03-29,Ath Madrid,1.3543389759212718,0.744434159234928,1.8192864461152038,4079
2024-25,29,2025-03-29,Ath Bilbao,1.1921052635548015,0.7683570414364614,1.5514991068815258,4079
2024-25,29,2025-03-29,Villarreal,1.3961451030996292,0.990371262986808,1.4097189158024128,4079
2024-25,29,2025-03-29,Sociedad,1.0890740288629872,0.8083913122915372,1.347211446119828,4079
2024-25,29,2025-03-29,Betis,1.1763328347808317,0.9424744773743593,1.248132297500489,4079
2024-25,29,2025-03-29,Girona,1.2703766438363988,1.0589736495714333,1.1996300798896369,4079
2024-25,29,2025-03-29,Sevilla,1.0867918433654926,0.9592422710991148,1.132969090405315,4079
2024-25,29,2025-03-29,Celta,1.070598915941845,0.9583355870926815,1.1171440676535227,4079
2024-25,29,2025-03-29,Vallecano,1.0038361086013574,0.937414517374799,1.07085615807676,4079
2024-25,29,2025-03-29,Valencia,1.0046802730604645,0.9884771382365511,1.0163920177788024,4079
2024-25,29,2025-03-29,Mallorca,0.9096249767507246,0.9200946140514682,0.9886211296742163,4079
2024-25,29,2025-03-29,Getafe,0.8776469773274588,0.9046222626445495,0.9701806086020569,4079
2024-25,29,2025-03-29,Alaves,0.9585151366693406,1.0076342153734066,0.9512530658897251,4079
2024-25,29,2025-03-29,Osasuna,0.9294015291907729,1.029346031059022,0.9029048552648296,4079
2024-25,29,2025-03-29,Espanol,0.8757612878602289,1.1165038041555093,0.7843782391074153,4079
2024-25,29,2025-03-29,Leganes,0.7833705234864201,1.0926186984513377,0.7169660601605651,4079
2024-25,29,2025-03-29,Las Palmas,0.8111682201449348,1.2444945601394364,0.6518053562677281,4079
2024-25,29,2025-03-29,Valladolid,0.7849205608064654,1.2372406351124678,0.6344122061066273,4079
2024-25,30,2025-04-05,Barcelona,1.8058015341151643,0.7619521261722245,2.36996718309176,4090
2024-25,30,2025-04-05,Real Madrid,1.6693184665810783,0.7886970514538614,2.1165521837616925,4090
2024-25,30,2025-04-05,Ath Madrid,1.348280456623254,0.7446375060782638,1.8106534328685095,4090
2024-25,30,2025-04-05,Ath Bilbao,1.1831105635332262,0.766925857041393,1.5426661556273107,4090
2024-25,30,2025-04-05,Villarreal,1.3944444780321288,0.9887480417692706,1.4103132639705693,4090
2024-25,30,2025-04-05,Sociedad,1.0832254692692111,0.8126486067337431,1.3329567789736212,4090
2024-25,30,2025-04-05,Betis,1.168975077805161,0.9410148608378677,1.2422493272468837,4090
2024-25,30,2025-04-05,Girona,1.262873378587044,1.058971744638406,1.1925468124914531,4090
2024-25,30,2025-04-05,Sevilla,1.0836544252221285,0.9546425513425874,1.1351415497854163,4090
2024-25,30,2025-04-05,Celta,1.0627245015114755,0.9564042672648986,1.1111666247063376,4090
2024-25,30,2025-04-05,Vallecano,0.9892735330503569,0.9601615823867137,1.0303198453236158,4090
2024-25,30,2025-04-05,Valencia,0.9987533975177357,0.9865452565741728,1.012374638529971,4090
2024-25,30,2025-04-05,Mallorca,0.9059853819519949,0.9153907500330613,0.9897252970048838,4090
2024-25,30,2025-04-05,Getafe,0.8742358687105596,0.9051196509619704,0.9658787849555721,4090
2024-25,30,2025-04-05,Alaves,0.9600103461252361,1.004622850282678,0.9555927837547304,4090
2024-25,30,2025-04-05,Osasuna,0.9263246414842414,1.0227835211291414,0.905689837925419,4090
2024-25,30,2025-04-05,Espanol,0.9041799175476426,1.1002796439255043,0.8217728306976305,4090
2024-25,30,2025-04-05,Leganes,0.8182384802003326,1.1094377409498868,0.7375253698326208,4090
2024-25,30,2025-04-05,Las Palmas,0.8056678491566616,1.2348003457607182,0.6524681110777607,4090
2024-25,30,2025-04-05,Valladolid,0.7920685265016477,1.2304040591079808,0.643746678693406,4090
2024-25,31,2025-04-12,Barcelona,1.7954555399023149,0.7556823147340785,2.3759396043747936,4100
2024-25,31,2025-04-12,Real Madrid,1.6742782845385198,0.7895560798258222,2.120531178618584,4100
2024-25,31,2025-04-12,Ath Madrid,1.345463176433774,0.7412628987372769,1.8150958030217585,4100
2024-25,31,2025-04-12,Ath Bilbao,1.1796333857648527,0.7662529745930285,1.5394829447694847,4100
2024-25,31,2025-04-12,Villarreal,1.392746438652302,0.9856318776495145,1.4130493039385597,4100
2024-25,31,2025-04-12,Sociedad,1.0922837799121967,0.8173893522109603,1.336307815801213,4100
2024-25,31,2025-04-12,Betis,1.1615519910644232,0.9324660361727565,1.2456775324835792,4100
2024-25,31,2025-04-12,Girona,1.2595614280419236,1.0549167795760337,1.193991272513587,4100
2024-25,31,2025-04-12,Sevilla,1.0777150913430285,0.9525777222799595,1.1313670959715048,4100
2024-25,31,2025-04-12,Celta,1.0614831506802047,0.9513268134472814,1.1157923183451064,4100
2024-25,31,2025-04-12,Vallecano,0.9879907717248569,0.9591931967289373,1.030022705638578,4100
2024-25,31,2025-04-12,Valencia,0.9995725062576308,0.9899733069323151,1.0096964223763378,4100
2024-25,31,2025-04-12,Getafe,0.8856904031026234,0.8995778563708698,0.9845622553179866,4100
2024-25,31,2025-04-12,Mallorca,0.8993471781834841,0.9146877288504756,0.9832286471293645,4100
2024-25,31,2025-04-12,Alaves,0.9559532166943081,1.0020124530250323,0.9540332695550107,4100
2024-25,31,2025-04-12,Osasuna,0.9335013566995652,1.0289765859012525,0.9072134094109993,4100
2024-25,31,2025-04-12,Espanol,0.9027723992872912,1.0993840035402647,0.8211620292638062,4100
2024-25,31,2025-04-12,Leganes,0.8372086223715436,1.1241797465119467,0.7447284341931938,4100
2024-25,31,2025-04-12,Las Palmas,0.8165861891455043,1.250312571182263,0.6531056377153448,4100
2024-25,31,2025-04-12,Valladolid,0.7813141176098529,1.2466950792945157,0.6267082710007853,4100
2024-25,32,2025-04-19,Barcelona,1.7870010761900013,0.7535418134292062,2.371469033759049,4110
2024-25,32,2025-04-19,Real Madrid,1.6696745942605888,0.7863186669898309,2.1234070413874355,4110
2024-25,32,2025-04-19,Ath Madrid,1.3579235303738413,0.7473781416694959,1.8169163033595108,4110
2024-25,32,2025-04-19,Ath Bilbao,1.1824883911337858,0.773479083063498,1.5287916855493178,4110
2024-25,32,2025-04-19,Villarreal,1.3917326615582146,0.988369692335409,1.4081094071892304,4110
2024-25,32,2025-04-19,Sociedad,1.0860024820076275,0.8176196102532223,1.3282490639764442,4110
2024-25,32,2025-04-19,Betis,1.1645557591213234,0.932675191309759,1.2486187795838481,4110
2024-25,32,2025-04-19,Girona,1.2508010694354768,1.057465364076322,1.182829350186831,4110
2024-25,32,2025-04-19,Sevilla,1.0775201140092847,0.9531594350417447,1.1304720641642638,4110
2024-25,32,2025-04-19,Celta,1.054661537258929,0.9504529510581402,1.109640972848549,4110
2024-25,32,2025-04-19,Vallecano,0.9974851882736551,0.9629335010271147,1.035881696098106,4110
2024-25,32,2025-04-19,Valencia,0.9996601801457334,0.9908192652583389,1.0089228330507778,4110
2024-25,32,2025-04-19,Mallorca,0.8991181817862812,0.9081776136789418,0.990024603385717,4110
2024-25,32,2025-04-19,Getafe,0.8829906658784846,0.8994223771412035,0.9817308178222708,4110
2024-25,32,2025-04-19,Alaves,0.9514454701790727,0.9980022767480685,0.9533499996405835,4110
2024-25,32,2025-04-19,Osasuna,0.935280031351481,1.023703961024125,0.9136235346943625,4110
2024-25,32,2025-04-19,Espanol,0.8910267178406666,1.087780102943879,0.8191239345427122,4110
2024-25,32,2025-04-19,Leganes,0.8305052358650603,1.1067371192437792,0.7504087659339872,4110
2024-25,32,2025-04-19,Las Palmas,0.8272825744193754,1.2516004203528854,0.6609797831372773,4110
2024-25,32,2025-04-19,Valladolid,0.791698516357235,1.2655120635629946,0.6255953926889025,4110
2024-25,33,2025-04-22,Barcelona,1.7868296742093408,0.7640355258282056,2.3386735482914074,4119
2024-25,33,2025-04-22,Real Madrid,1.671087632889946,0.7794879208993344,2.1438274899268848,4119
2024-25,33,2025-04-22,Ath Madrid,1.3481042603119444,0.7453092990660618,1.8087849728981482,4119
2024-25,33,2025-04-22,Ath Bilbao,1.1745751459483733,0.7757926302885364,1.5140323587651507,4119
2024-25,33,2025-04-22,Villarreal,1.3944622792744243,0.9952451859266123,1.4011243651242837,4119
2024-25,33,2025-04-22,Sociedad,1.093475426894072,0.8201382927083817,1.3332817606687235,4119
2024-25,33,2025-04-22,Betis,1.1702530771686706,0.9277325447579008,1.2614121211777232,4119
2024-25,33,2025-04-22,Girona,1.243415768945897,1.0648681798828223,1.167671071815407,4119
2024-25,33,2025-04-22,Sevilla,1.0785215300417337,0.9545149166535721,1.1299158464939612,4119
2024-25,33,2025-04-22,Celta,1.0660508153618422,0.9504792428549592,1.1215929473217532,4119
2024-25,33,2025-04-22,Valencia,1.005814255536768,0.9852247919365847,1.0208982394360093,4119
2024-25,33,2025-04-22,Vallecano,0.9896420146880202,0.969699838708431,1.0205653081330308,4119
2024-25,33,2025-04-22,Mallorca,0.8946527827797609,0.9079365302982952,0.9853692994220972,4119
2024-25,33,2025-04-22,Getafe,0.8819671642126168,0.8985074812360395,0.9815913418988244,4119
2024-25,33,2025-04-22,Alaves,0.9535420231615377,0.9996227084900037,0.9539019222581748,4119
2024-25,33,2025-04-22,Osasuna,0.9431813382880442,1.0250126795966537,0.9201655326441324,4119
2024-25,33,2025-04-22,Espanol,0.8898272531486471,1.0868975836688695,0.8186854644988694,4119
2024-25,33,2025-04-22,Leganes,0.8317755609452606,1.098809291438538,0.7569790021126575,4119
2024-25,33,2025-04-22,Las Palmas,0.8237026696041201,1.237087581957081,0.6658402215152922,4119
2024-25,33,2025-04-22,Valladolid,0.794604532548332,1.2761383386769576,0.622663318282673,4119
2024-25,34,2025-05-02,Barcelona,1.7951975323329736,0.7615472518226498,2.357302883092856,4130
2024-25,34,2025-05-02,Real Madrid,1.6733872161456913,0.7902912902257965,2.1174309230557036,4130
2024-25,34,2025-05-02,Ath Madrid,1.35914759777094,0.7478850968013493,1.8173214088419682,4130
2024-25,34,2025-05-02,Ath Bilbao,1.178535308906657,0.7782717007338159,1.514298037299109,4130
2024-25,34,2025-05-02,Villarreal,1.3822544534324257,1.009443279413358,1.3693235485561193,4130
2024-25,34,2025-05-02,Sociedad,1.0882151978750012,0.8179678265556855,1.3303887543563646,4130
2024-25,34,2025-05-02,Betis,1.1710405138309414,0.9282190667357882,1.2615992881390259,4130
2024-25,34,2025-05-02,Girona,1.2356661442968595,1.055693088545901,1.170478577252837,4130
2024-25,34,2025-05-02,Celta,1.0785463536460806,0.9455480415973572,1.1406573819602475,4130
2024-25,34,2025-05-02,Sevilla,1.0764669415952037,0.9481195855288035,1.1353704300864282,4130
2024-25,34,2025-05-02,Valencia,1.0018092949215127,0.9812583140571807,1.0209434973135265,4130
2024-25,34,2025-05-02,Vallecano,0.9935341966552044,0.981548504530436,1.0122110033986575,4130
2024-25,34,2025-05-02,Getafe,0.894006130658091,0.8999132495194474,0.9934359018888645,4130
2024-25,34,2025-05-02,Mallorca,0.8915720891275823,0.9164282705490474,0.9728771119134362,4130
2024-25,34,2025-05-02,Alaves,0.9504411655998077,0.9939879405270765,0.9561898357598007,4130
2024-25,34,2025-05-02,Osasuna,0.9352519794749545,1.0227354422824566,0.9144612974277456,4130
2024-25,34,2025-05-02,Espanol,0.8889783787653334,1.0735290918246423,0.8280896955054715,4130
2024-25,34,2025-05-02,Leganes,0.813258500635192,1.0865078626307585,0.7485067790177343,4130
2024-25,34,2025-05-02,Las Palmas,0.8283133612362934,1.242927743557571,0.6664211701200368,4130
2024-25,34,2025-05-02,Valladolid,0.7951887908958928,1.2768106840499305,0.6227930270552126,4130
2024-25,35,2025-05-09,Barcelona,1.79336412720465,0.7604025354772113,2.3584404884699337,4140
2024-25,35,2025-05-09,Real Madrid,1.6799918123036472,0.7987561379136898,2.1032599720506684,4140
2024-25,35,2025-05-09,Ath Madrid,1.3510735700441554,0.7466573190719891,1.8094961845728474,4140
2024-25,35,2025-05-09,Ath Bilbao,1.1722780637046142,0.7755966354664298,1.5114532607527718,4140
2024-25,35,2025-05-09,Villarreal,1.3844356107315292,1.012081349229215,1.3679094193227581,4140
2024-25,35,2025-05-09,Sociedad,1.085501828707496,0.8123517630368156,1.336246042785164,4140
2024-25,35,2025-05-09,Betis,1.1687043312136174,0.9257515899655245,1.2624383731894433,4140
2024-25,35,2025-05-09,Girona,1.2366405108179783,1.0504504783263258,1.1772477963818986,4140
2024-25,35,2025-05-09,Celta,1.0881707169618833,0.9508824908796089,1.144379802340536,4140
2024-25,35,2025-05-09,Sevilla,1.0816096260172159,0.9483131387299353,1.1405616793054276,4140
2024-25,35,2025-05-09,Valencia,1.0045565848901996,0.9853215249597009,1.0195216073568325,4140
2024-25,35,2025-05-09,Vallecano,0.9928684105262913,0.9803918547871302,1.0127260907750708,4140
2024-25,35,2025-05-09,Getafe,0.8930368928696444,0.8991643806680324,0.9931853530565394,4140
2024-25,35,2025-05-09,Mallorca,0.8866889721235027,0.9170776014022514,0.9668636228468745,4140
2024-25,35,2025-05-09,Alaves,0.9488753332284829,0.9850667534420818,0.9632599312816755,4140
2024-25,35,2025-05-09,Osasuna,0.938615237400634,1.024282265422589,0.9163638472383282,4140
2024-25,35,2025-05-09,Espanol,0.8853806741370783,1.0704716394898135,0.8270940036851891,4140
2024-25,35,2025-05-09,Leganes,0.8131394604622998,1.0964566218302183,0.7416065937063683,4140
2024-25,35,2025-05-09,Las Palmas,0.8371763819166834,1.2467058624743164,0.6715107445273044,4140
2024-25,35,2025-05-09,Valladolid,0.7931721378113477,1.2733862337810802,0.6228841782403856,4140
2024-25,36,2025-05-13,Barcelona,1.8052643910316366,0.7674517984434555,2.352283745628157,4150
2024-25,36,2025-05-13,Real Madrid,1.6868385472291332,0.8111431996069283,2.0795816916748584,4150
2024-25,36,2025-05-13,Ath Madrid,1.348872362097368,0.7410749881132338,1.8201563724766605,4150
2024-25,36,2025-05-13,Ath Bilbao,1.1675010673311343,0.7730323697033434,1.510287425323691,4150
2024-25,36,2025-05-13,Villarreal,1.3861882011872275,1.0001427936535043,1.3859902905699155,4150
2024-25,36,2025-05-13,Sociedad,1.079161960217137,0.8112130904602067,1.3303063928676508,4150
2024-25,36,2025-05-13,Betis,1.1560596497323903,0.9320111652695036,1.2403924897166871,4150
2024-25,36,2025-05-13,Sevilla,1.090363216217969,0.9432637200427932,1.155947369807144,4150
2024-25,36,2025-05-13,Girona,1.2179333189861816,1.0542634410103995,1.1552457114693477,4150
2024-25,36,2025-05-13,Celta,1.0822370862990458,0.958565706654572,1.1290171125316921,4150
2024-25,36,2025-05-13,Valencia,1.0146436142318949,0.9813532524201731,1.0339229138229504,4150
2024-25,36,2025-05-13,Vallecano,0.9876453387734463,0.9745016834665533,1.0134875655218343,4150
2024-25,36,2025-05-13,Getafe,0.8889688072726126,0.9082444151318645,0.9787770697643615,4150
2024-25,36,2025-05-13,Alaves,0.9451449045374044,0.9807539718607493,0.9636921507890658,4150
2024-25,36,2025-05-13,Mallorca,0.8865606098029483,0.9310540563802981,0.9522117472423361,4150
2024-25,36,2025-05-13,Osasuna,0.9467005920492133,1.012833380932243,0.9347051646124074,4150
2024-25,36,2025-05-13,Espanol,0.8890105759284879,1.075733936765522,0.8264223573735461,4150
2024-25,36,2025-05-13,Leganes,0.82550787374449,1.1023734602904243,0.7488459251613395,4150
2024-25,36,2025-05-13,Las Palmas,0.828737519960741,1.241012846877185,0.6677912497409914,4150
2024-25,36,2025-05-13,Valladolid,0.8165185294682563,1.272651947649854,0.6415882449055159,4150
2024-25,37,2025-05-18,Barcelona,1.7945421042318623,0.7705378710396962,2.328947312882188,4160
2024-25,37,2025-05-18,Real Madrid,1.694606565022256,0.8093469175525491,2.0937950442150526,4160
2024-25,37,2025-05-18,Ath Madrid,1.3471544877970016,0.7412907044299654,1.8173092954577528,4160
2024-25,37,2025-05-18,Ath Bilbao,1.1682541808604114,0.771101235943159,1.5150464380095068,4160
2024-25,37,2025-05-18,Villarreal,1.3859574082436672,1.0018493749837,1.3833989847687598,4160
2024-25,37,2025-05-18,Sociedad,1.0922287013802827,0.8139964193780229,1.3418102038026873,4160
2024-25,37,2025-05-18,Betis,1.1551481029864037,0.9316105297207683,1.239947452432334,4160
2024-25,37,2025-05-18,Girona,1.2161579039962667,1.0547350817378034,1.1530458454008183,4160
2024-25,37,2025-05-18,Sevilla,1.0817301155240266,0.939904173734704,1.1508940440447009,4160
2024-25,37,2025-05-18,Celta,1.0850846195475234,0.9704266287698418,1.1181521481155432,4160
2024-25,37,2025-05-18,Valencia,1.0107494084696762,0.9857498873204628,1.0253609170751914,4160
2024-25,37,2025-05-18,Vallecano,0.9869140189370621,0.9740333652777095,1.0132240374082875,4160
2024-25,37,2025-05-18,Getafe,0.8867204232664153,0.9092607520642064,0.9752102697200775,4160
2024-25,37,2025-05-18,Alaves,0.9509546543792313,0.9769973030508411,0.9733441959457952,4160
2024-25,37,2025-05-18,Mallorca,0.8837399914359292,0.9399420717940443,0.9402068680138516,4160
2024-25,37,2025-05-18,Osasuna,0.9464105434658366,1.011757031690387,0.9354128647711268,4160
2024-25,37,2025-05-18,Espanol,0.8935035232105832,1.0629049022070014,0.8406241436607589,4160
2024-25,37,2025-05-18,Leganes,0.8303023276085664,1.1026971176917306,0.7529740617683244,4160
2024-25,37,2025-05-18,Las Palmas,0.8216938909769037,1.228767012912022,0.6687141519445524,4160
2024-25,37,2025-05-18,Valladolid,0.8165934011422532,1.2713580905083828,0.6423000783482794,4160
2024-25,38,2025-05-23,Barcelona,1.7869884436476888,0.7753246369879215,2.3048260798083313,4170
2024-25,38,2025-05-23,Real Madrid,1.6957787621778873,0.803692968612728,2.109983324981688,4170
2024-25,38,2025-05-23,Ath Madrid,1.370107444924652,0.7411442270684169,1.8486380853887079,4170
2024-25,38,2025-05-23,Ath Bilbao,1.1674004076553834,0.7657247445036779,1.5245692607361943,4170
2024-25,38,2025-05-23,Villarreal,1.3915957647998842,0.9944866869023851,1.3993106022710164,4170
2024-25,38,2025-05-23,Sociedad,1.0938010693032265,0.817442439063267,1.3380771746529916,4170
2024-25,38,2025-05-23,Betis,1.1556541164908143,0.9516631255898316,1.2143521015112897,4170
2024-25,38,2025-05-23,Girona,1.2220288857849864,1.0564554741618035,1.156725404593648,4170
2024-25,38,2025-05-23,Sevilla,1.075826284011581,0.9406966650317564,1.143648451198945,4170
2024-25,38,2025-05-23,Celta,1.0915573942379668,0.9695114046035965,1.125884016479694,4170
2024-25,38,2025-05-23,Valencia,1.0052135446651567,0.9845210198096369,1.0210178598924387,4170
2024-25,38,2025-05-23,Vallecano,0.9860063121378477,0.9803711315228096,1.0057480074982268,4170
2024-25,38,2025-05-23,Getafe,0.891587197751956,0.9067217991930704,0.9833084398604034,4170
2024-25,38,2025-05-23,Alaves,0.9501614334903623,0.9744304717167875,0.9750941304373753,4170
2024-25,38,2025-05-23,Osasuna,0.9498548476673307,1.00858979433657,0.9417652776192585,4170
2024-25,38,2025-05-23,Mallorca,0.880713369919121,0.9445570760366802,0.9324088424752006,4170
2024-25,38,2025-05-23,Espanol,0.8892010021963108,1.0662777292806067,0.8339300144590233,4170
2024-25,38,2025-05-23,Leganes,0.8288438642424402,1.090159905534012,0.7602956777578727,4170
2024-25,38,2025-05-23,Las Palmas,0.8106817100325808,1.2270778274417438,0.660660385105906,4170
2024-25,38,2025-05-23,Valladolid,0.812857180367428,1.269575432446117,0.6402590658211458,4170
2025-26,1,2025-08-15,Barcelona,1.8002336888245396,0.7715496311474253,2.333270104928035,4180
2025-26,1,2025-08-15,Real Madrid,1.6998567540045855,0.8050394295456313,2.1115198729632336,4180
2025-26,1,2025-08-15,Ath Madrid,1.3803992690955451,0.732686860482621,1.8840235079229835,4180
2025-26,1,2025-08-15,Ath Bilbao,1.1635869532703722,0.777489295311232,1.496595464770462,4180
2025-26,1,2025-08-15,Villarreal,1.3867227165519076,0.9970442035641622,1.390833737957405,4180
2025-26,1,2025-08-15,Sociedad,1.09547110892258,0.8209228639920231,1.3344385410286546,4180
2025-26,1,2025-08-15,Betis,1.1513084068226886,0.9485074845365687,1.213810566170921,4180
2025-26,1,2025-08-15,Sevilla,1.0789840111192255,0.9363280957241016,1.1523567604631175,4180
2025-26,1,2025-08-15,Celta,1.0927021162965487,0.9632740768379875,1.1343626311251078,4180
2025-26,1,2025-08-15,Girona,1.2093729941906277,1.0691708303673257,1.131131676848249,4180
2025-26,1,2025-08-15,Valencia,1.0019233271694303,0.9806544681672179,1.021688433278607,4180
2025-26,1,2025-08-15,Vallecano,0.9923249139029151,0.978829658735585,1.0137871334883362,4180
2025-26,1,2025-08-15,Getafe,0.8845329682655425,0.9075943154195428,0.9745906879734697,4180
2025-26,1,2025-08-15,Alaves,0.951702804632283,0.9809200650605521,0.9702144328891208,4180
2025-26,1,2025-08-15,Osasuna,0.9567379678645153,1.0096757856586411,0.9475694885961903,4180
2025-26,1,2025-08-15,Mallorca,0.8789038733568523,0.9499580282752488,0.925202848122245,4180
2025-26,1,2025-08-15,Levante,1.0637183447233984,1.1677419647955678,0.9109190016217492,4180
2025-26,1,2025-08-15,Espanol,0.8902411696401008,1.064062688040519,0.8366435358047258,4180
2025-26,1,2025-08-15,Elche,0.7995052344206767,1.2328776695553094,0.64848707553366,4180
2025-26,2,2025-08-22,Barcelona,1.8153624252226999,0.7626376675705744,2.380373409833847,4190
2025-26,2,2025-08-22,Real Madrid,1.7044126738561205,0.7941766371208016,2.146138017904024,4190
2025-26,2,2025-08-22,Ath Madrid,1.389101270054234,0.7304654711045042,1.9016658897700338,4190
2025-26,2,2025-08-22,Ath Bilbao,1.1813992203559731,0.7720003815450619,1.53030911460374,4190
2025-26,2,2025-08-22,Villarreal,1.3978460271372917,0.9899523272235292,1.412033679498246,4190
2025-26,2,2025-08-22,Sociedad,1.1032935500731207,0.8175155642876826,1.3495688623793263,4190
2025-26,2,2025-08-22,Betis,1.1606919679186232,0.9406674334781758,1.2339025745016952,4190
2025-26,2,2025-08-22,Sevilla,1.0878359055897833,0.9368658453487891,1.1611437336418098,4190
2025-26,2,2025-08-22,Celta,1.095867099502661,0.9598915241261463,1.1416572310087876,4190
2025-26,2,2025-08-22,Girona,1.2096774485288342,1.0804219659494758,1.1196342601807143,4190
2025-26,2,2025-08-22,Vallecano,1.0197755857971378,0.9647068643610233,1.0570833726497733,4190
2025-26,2,2025-08-22,Valencia,1.0128295607991304,0.9727297970397648,1.0412239492214572,4190
2025-26,2,2025-08-22,Getafe,0.8959589794762508,0.8962100117268754,0.9997198957305321,4190
2025-26,2,2025-08-22,Alaves,0.9598845294919328,0.9705339700579244,0.9890272356305508,4190
2025-26,2,2025-08-22,Osasuna,0.9582591639118739,0.9939732608195206,0.9640693584873694,4190
2025-26,2,2025-08-22,Mallorca,0.8813690049437652,0.9439106961921269,0.9337419403120826,4190
2025-26,2,2025-08-22,Levante,1.0617496783270468,1.160760314937926,0.9147019110347738,4190
2025-26,2,2025-08-22,Espanol,0.90232665058921,1.0533048570741927,0.8566623846163959,4190
2025-26,2,2025-08-22,Elche,0.8028025569449102,1.2244596988086554,0.6556382033038746,4190
2025-26,2,2025-08-22,Oviedo,0.774574714478536,1.262218361825221,0.6136614217515172,4190
2025-26,3,2025-08-27,Barcelona,1.8395578385186293,0.7765198424235832,2.368977246965404,4200
2025-26,3,2025-08-27,Real Madrid,1.72256058568163,0.795559421380138,2.165219265071776,4200
2025-26,3,2025-08-27,Ath Madrid,1.3993271488363301,0.7309978008807224,1.9142699843288034,4200
2025-26,3,2025-08-27,Ath Bilbao,1.1956280685093554,0.7727332307797729,1.5472714526626934,4200
2025-26,3,2025-08-27,Villarreal,1.4226719964426116,0.9881940879309712,1.4396685973110073,4200
2025-26,3,2025-08-27,Sociedad,1.1149139106462298,0.8283410854831674,1.345959931464592,4200
2025-26,3,2025-08-27,Betis,1.179058870748332,0.9481083503011356,1.2435908515876297,4200
2025-26,3,2025-08-27,Sevilla,1.0963681095534028,0.9434989076477048,1.1620237190171483,4200
2025-26,3,2025-08-27,Celta,1.1072112367597746,0.9598615224895842,1.1535114293236912,4200
2025-26,3,2025-08-27,Girona,1.2115599783052904,1.091982357654363,1.109505084777914,4200
2025-26,3,2025-08-27,Vallecano,1.0284579493259678,0.9691770004291838,1.0611662770273464,4200
2025-26,3,2025-08-27,Valencia,1.0206592678812347,0.9737290837931268,1.0481963462622406,4200
2025-26,3,2025-08-27,Getafe,0.9100712535700222,0.8959713471100331,1.0157370059940738,4200
2025-26,3,2025-08-27,Alaves,0.9759504109305127,0.978430001783136,0.997465745277532,4200
2025-26,3,2025-08-27,Osasuna,0.9660101552698446,0.9943466285876175,0.9715024192740288,4200
2025-26,3,2025-08-27,Levante,1.113623479351209,1.169109039615973,0.9525403034408239,4200
2025-26,3,2025-08-27,Mallorca,0.8863104700104636,0.9462216459138426,0.9366837821116236,4200
2025-26,3,2025-08-27,Espanol,0.9254507684295872,1.0556075241301555,0.8766996703554,4200
2025-26,3,2025-08-27,Elche,0.8049310485337214,1.2127222023600852,0.6637390219847883,4200
2025-26,3,2025-08-27,Oviedo,0.5306703022859536,1.1232268336134925,0.472451588944642,4200
2025-26,4,2025-08-31,Barcelona,1.8471467906667558,0.779083668730974,2.3709222318515772,4207
2025-26,4,2025-08-31,Real Madrid,1.7265772299521496,0.796809501403672,2.1668632551577063,4207
2025-26,4,2025-08-31,Ath Madrid,1.4008115307177065,0.7318294899203929,1.9141228250723872,4207
2025-26,4,2025-08-31,Ath Bilbao,1.200374206915621,0.7751381874900166,1.5485938201581393,4207
2025-26,4,2025-08-31,Villarreal,1.4297832652844995,0.9916957095920325,1.4417560260220237,4207
2025-26,4,2025-08-31,Sociedad,1.11661986226148,0.8299571649663913,1.3453945690157358,4207
2025-26,4,2025-08-31,Betis,1.1794526076819212,0.9465308980026018,1.2460793516311384,4207
2025-26,4,2025-08-31,Sevilla,1.1035167841655948,0.9489462836598007,1.162886459610403,4207
2025-26,4,2025-08-31,Celta,1.1064525331406554,0.9590919828056422,1.1536458994307697,4207
2025-26,4,2025-08-31,Girona,1.2203212301464426,1.0983318885659572,1.1110678319098624,4207
2025-26,4,2025-08-31,Vallecano,1.0325795661222401,0.9720544128134495,1.062265190622005,4207
2025-26,4,2025-08-31,Valencia,1.0264323664934454,0.9754103931703663,1.0523082116823084,4207
2025-26,4,2025-08-31,Getafe,0.9121605096229151,0.9001610163124995,1.0133303854454523,4207
2025-26,4,2025-08-31,Alaves,0.9778381553560879,0.97720348379295,1.0006494773848682,4207
2025-26,4,2025-08-31,Osasuna,0.9699965435394896,0.9973995992920694,0.9725254995369661,4207
2025-26,4,2025-08-31,Levante,1.1058690395592088,1.1741616162847164,0.941837157867927,4207
2025-26,4,2025-08-31,Mallorca,0.8876011211112249,0.9447187654354876,0.9395400552904937,4207
2025-26,4,2025-08-31,Espanol,0.9291876225564352,1.0589382192818482,0.877471041876827,4207
2025-26,4,2025-08-31,Elche,0.8094037932564692,1.207523672628119,0.6703005594042223,4207
2025-26,4,2025-08-31,Oviedo,0.47998295151665676,1.0398564215381334,0.46158579355280244,4207
2025-26,5,2025-09-15,Barcelona,1.8615335960060857,0.7810972645259739,2.3832289274957303,4220
2025-26,5,2025-09-15,Real Madrid,1.7410218691002848,0.8127792547169815,2.142059924630492,4220
2025-26,5,2025-09-15,Ath Madrid,1.4006314800724653,0.7302511743528084,1.91801332098341,4220
2025-26,5,2025-09-15,Ath Bilbao,1.195142572437037,0.7674234509046628,1.5573443462382672,4220
2025-26,5,2025-09-15,Villarreal,1.4257726268985038,0.9854464641138485,1.446829106216961,4220
2025-26,5,2025-09-15,Sociedad,1.1354550818140918,0.839754516168806,1.3521273895546928,4220
2025-26,5,2025-09-15,Betis,1.1832850744638748,0.9448489154681368,1.2523537415266037,4220
2025-26,5,2025-09-15,Celta,1.1038776166909108,0.9587046258771632,1.1514261920671574,4220
2025-26,5,2025-09-15,Sevilla,1.0936944172697765,0.950439300613098,1.1507251610537035,4220
2025-26,5,2025-09-15,Girona,1.2250478879263054,1.1015263487562008,1.1121367085858456,4220
2025-26,5,2025-09-15,Vallecano,1.040992589507021,0.9782173419465,1.0641731084378527,4220
2025-26,5,2025-09-15,Valencia,1.0229930579740192,0.9832200206414746,1.0404518180036608,4220
2025-26,5,2025-09-15,Getafe,0.9116167356544266,0.9019235369215955,1.0107472511094626,4220
2025-26,5,2025-09-15,Alaves,0.9724558115234863,0.9725755732962941,0.999876861216654,4220
2025-26,5,2025-09-15,Osasuna,0.9749535105879028,0.9989831528106129,0.975945898431717,4220
2025-26,5,2025-09-15,Mallorca,0.8897184829591389,0.946699761641237,0.9398106126240984,4220
2025-26,5,2025-09-15,Levante,1.0982797138714573,1.1918318702526645,0.9215055758146705,4220
2025-26,5,2025-09-15,Espanol,0.9319364511088419,1.0638900564287959,0.8759706376400508,4220
2025-26,5,2025-09-15,Elche,0.8093377862364347,1.18103135403892,0.6852805249146363,4220
2025-26,5,2025-09-15,Oviedo,0.4564317164564947,0.9740193107437515,0.46860643461777773,4220
2025-26,6,2025-09-21,Barcelona,1.8551558668840056,0.7797642245026225,2.379124110326206,4227
2025-26,6,2025-09-21,Real Madrid,1.7293549554561711,0.8129148673997977,2.1273506301929417,4227
2025-26,6,2025-09-21,Ath Madrid,1.39557161673106,0.729556099963936,1.9129051443748424,4227
2025-26,6,2025-09-21,Ath Bilbao,1.1852502546634736,0.7728144028729815,1.533680338069837,4227
2025-26,6,2025-09-21,Villarreal,1.432915642596939,0.9919950187991274,1.444478667172718,4227
2025-26,6,2025-09-21,Sociedad,1.12736186579122,0.846599721974319,1.3316350531773713,4227
2025-26,6,2025-09-21,Betis,1.1880538505768943,0.940108034471973,1.263741832867309,4227
2025-26,6,2025-09-21,Sevilla,1.0873318830659497,0.9470211776780361,1.148160050371773,4227
2025-26,6,2025-09-21,Celta,1.0994525846005507,0.9579093439092329,1.147762668347799,4227
2025-26,6,2025-09-21,Girona,1.203690109480959,1.130069661918324,1.0651468223982425,4227
2025-26,6,2025-09-21,Vallecano,1.0362629964619068,0.9781362640885004,1.059426006894421,4227
2025-26,6,2025-09-21,Valencia,1.0261172598374657,0.9775550186492821,1.0496772460493156,4227
2025-26,6,2025-09-21,Levante,1.172814875571907,1.158053289312851,1.012746897224233,4227
2025-26,6,2025-09-21,Getafe,0.9083440385451149,0.9012431434388105,1.0078790004206968,4227
2025-26,6,2025-09-21,Alaves,0.9652892702566194,0.9689981887901365,0.9961724195396608,4227
2025-26,6,2025-09-21,Osasuna,0.9799195449359357,1.0099319353993275,0.9702827592519639,4227
2025-26,6,2025-09-21,Mallorca,0.8964835709323393,0.9583752470041133,0.9354202059524725,4227
2025-26,6,2025-09-21,Espanol,0.9460168079854263,1.0675153530947061,0.8861856695952354,4227
2025-26,6,2025-09-21,Elche,0.8084018801357903,1.1772045394598063,0.6867131862290885,4227
2025-26,6,2025-09-21,Oviedo,0.45447196114367144,0.9742251516302805,0.466495820173758,4227
2025-26,7,2025-09-26,Barcelona,1.8317222011827279,0.777412025582181,2.356179401535505,4240
2025-26,7,2025-09-26,Real Madrid,1.7183285993280983,0.8102112934345407,2.120840098443934,4240
2025-26,7,2025-09-26,Ath Madrid,1.4042794138520889,0.7298703992014142,1.9240120100617557,4240
2025-26,7,2025-09-26,Ath Bilbao,1.1686562163193641,0.7684583090421798,1.5207802460695599,4240
2025-26,7,2025-09-26,Villarreal,1.4185247251220139,0.9811641009868479,1.4457568552449807,4240
2025-26,7,2025-09-26,Sociedad,1.120516251898133,0.8400291755726835,1.3339015887564019,4240
2025-26,7,2025-09-26,Betis,1.1709444032888179,0.935767768969278,1.251319442834177,4240
2025-26,7,2025-09-26,Celta,1.0843730950878736,0.9530410897507315,1.1378030881874066,4240
2025-26,7,2025-09-26,Sevilla,1.066674615388874,0.9491917906111763,1.123771429483236,4240
2025-26,7,2025-09-26,Girona,1.1841373608533718,1.1259825482436754,1.051648058578179,4240
2025-26,7,2025-09-26,Vallecano,1.0292616126978693,0.9991528938889663,1.0301342457125975,4240
2025-26,7,2025-09-26,Valencia,1.0107684644097727,0.9867833596398022,1.0243063530973258,4240
2025-26,7,2025-09-26,Alaves,0.9532806846323778,0.9592074161111965,0.9938212201247913,4240
2025-26,7,2025-09-26,Getafe,0.8847316093545384,0.9012605858133058,0.9816601583171958,4240
2025-26,7,2025-09-26,Levante,1.1658601537037534,1.1900833829539443,0.979645771382787,4240
2025-26,7,2025-09-26,Osasuna,0.9615376601610058,1.006136339823944,0.9556733238849695,4240
2025-26,7,2025-09-26,Mallorca,0.8786612998787457,0.9689122372052466,0.9068533414472886,4240
2025-26,7,2025-09-26,Espanol,0.9538825390549758,1.061579392231949,0.898550354344631,4240
2025-26,7,2025-09-26,Elche,0.8072543372510301,1.1673025197908005,0.6915553796591677,4240
2025-26,7,2025-09-26,Oviedo,0.666242226114959,1.0282639735206698,0.6479291731225536,4240
2025-26,8,2025-10-03,Barcelona,1.8318333498924075,0.7773177752528423,2.3566080800050626,4250
2025-26,8,2025-10-03,Real Madrid,1.7110017774175403,0.8178033271864282,2.092192242973715,4250
2025-26,8,2025-10-03,Ath Madrid,1.4086176409921436,0.7274416014524739,1.9363996205050324,4250
2025-26,8,2025-10-03,Ath Bilbao,1.1674416887981087,0.7704724092947786,1.515228416636853,4250
2025-26,8,2025-10-03,Villarreal,1.4157712097095987,0.9832574213531693,1.4398784885459592,4250
2025-26,8,2025-10-03,Sociedad,1.1171286300988805,0.8449458841820756,1.3221303884807762,4250
2025-26,8,2025-10-03,Betis,1.162699421688352,0.9322509689096986,1.2471957235380202,4250
2025-26,8,2025-10-03,Sevilla,1.058822551114379,0.9517970837551971,1.11244567690513,4250
2025-26,8,2025-10-03,Celta,1.0776525428702817,0.9725969015389645,1.1080156035507465,4250
2025-26,8,2025-10-03,Girona,1.1720673260485348,1.1240361843185336,1.0427309568856282,4250
2025-26,8,2025-10-03,Vallecano,1.0297656192093674,0.9947141383582434,1.0352377426835169,4250
2025-26,8,2025-10-03,Valencia,1.0090994942578537,0.9885565737621683,1.020780723168432,4250
2025-26,8,2025-10-03,Levante,1.1653022521271408,1.1743943040217883,0.9922580926495375,4250
2025-26,8,2025-10-03,Alaves,0.9460717565649401,0.9578624397770712,0.9876906299667881,4250
2025-26,8,2025-10-03,Getafe,0.8760738578385736,0.9016420509158456,0.9716426346227962,4250
2025-26,8,2025-10-03,Osasuna,0.9549234502223594,1.001483616590205,0.9535088087348138,4250
2025-26,8,2025-10-03,Mallorca,0.873551566458038,0.9654128158193972,0.9048477005317237,4250
2025-26,8,2025-10-03,Espanol,0.9480977656078291,1.0544448979926384,0.8991439641964565,4250
2025-26,8,2025-10-03,Elche,0.8649033251202498,1.1572162690851941,0.7473999011472381,4250
2025-26,8,2025-10-03,Oviedo,0.6989516250202422,1.0388048345986576,0.6728420986703265,4250
2025-26,9,2025-10-17,Barcelona,1.8371484599148957,0.788098348868892,2.3311157326387493,4260
2025-26,9,2025-10-17,Real Madrid,1.7244717790467061,0.8147741520096253,2.1165028060761726,4260
2025-26,9,2025-10-17,Ath Madrid,1.4025276632564747,0.7335661322252642,1.9119307743964726,4260
2025-26,9,2025-10-17,Ath Bilbao,1.1675069345937221,0.7653295503222024,1.525495695419318,4260
2025-26,9,2025-10-17,Villarreal,1.413652622396889,0.9940031769265278,1.4221811913800149,4260
2025-26,9,2025-10-17,Sociedad,1.1097957824950024,0.8412025855879688,1.31929668489939,4260
2025-26,9,2025-10-17,Betis,1.1636403404953175,0.9357804421413192,1.2434971795655327,4260
2025-26,9,2025-10-17,Celta,1.0855692296086152,0.9659146683436048,1.1238769481264836,4260
2025-26,9,2025-10-17,Sevilla,1.0717640695896191,0.9544587063967627,1.1229025021267849,4260
2025-26,9,2025-10-17,Vallecano,1.0265479055513833,0.9859874238163383,1.041136915903098,4260
2025-26,9,2025-10-17,Valencia,1.0163152077071043,0.9834534535868752,1.033414651197141,4260
2025-26,9,2025-10-17,Girona,1.1667806083294208,1.1304804160490456,1.0321104123211988,4260
2025-26,9,2025-10-17,Alaves,0.9573941111174128,0.9545069939481655,1.0030247208114267,4260
2025-26,9,2025-10-17,Levante,1.1699272847300581,1.1699743623427514,0.999959761842474,4260
2025-26,9,2025-10-17,Getafe,0.8747512279514045,0.8957291228146033,0.9765800906447241,4260
2025-26,9,2025-10-17,Osasuna,0.9495641263296327,0.9985583819792309,0.9509350113786165,4260
2025-26,9,2025-10-17,Espanol,0.9561199697237039,1.0537872488551883,0.907317839309986,4260
2025-26,9,2025-10-17,Mallorca,0.8684256461835418,0.9638476715234968,0.9009988526619284,4260
2025-26,9,2025-10-17,Elche,0.8596510659308327,1.1768740898050059,0.7304528779907685,4260
2025-26,9,2025-10-17,Oviedo,0.6838374096086953,1.0601305433978438,0.6450501910990277,4260
2025-26,10,2025-10-24,Barcelona,1.8282638471677217,0.7873930351068326,2.3219202680903384,4270
2025-26,10,2025-10-24,Real Madrid,1.7237999648660665,0.80562877331548,2.1396951325012266,4270
2025-26,10,2025-10-24,Ath Madrid,1.404481703754698,0.7300544122822209,1.9238041440831128,4270
2025-26,10,2025-10-24,Ath Bilbao,1.1579597710463336,0.759129609695565,1.525378217707398,4270
2025-26,10,2025-10-24,Villarreal,1.4017356553332787,0.9843562463840503,1.42401255691975,4270
2025-26,10,2025-10-24,Sociedad,1.114799683298045,0.8313984905665149,1.3408728737749096,4270
2025-26,10,2025-10-24,Betis,1.1601932424537802,0.9229486172705103,1.2570507401429207,4270
2025-26,10,2025-10-24,Sevilla,1.0704482394147783,0.9554356676272628,1.120377096736548,4270
2025-26,10,2025-10-24,Celta,1.081405651347403,0.965854127603671,1.1196366205220045,4270
2025-26,10,2025-10-24,Vallecano,1.037401618259641,0.9740062170704845,1.0650872654384391,4270
2025-26,10,2025-10-24,Girona,1.1734944936730578,1.117424656935057,1.050177733585898,4270
2025-26,10,2025-10-24,Valencia,1.007173743296023,0.9740274091300639,1.034030186271209,4270
2025-26,10,2025-10-24,Alaves,0.9538841291620892,0.942507769659849,1.0120703084562856,4270
2025-26,10,2025-10-24,Getafe,0.867824992570502,0.8928994659874923,0.9719179209170437,4270
2025-26,10,2025-10-24,Levante,1.1471197603828118,1.1850892179524244,0.9679606758761881,4270
2025-26,10,2025-10-24,Osasuna,0.9519945352519705,0.9932954064043337,0.9584203542208358,4270
2025-26,10,2025-10-24,Espanol,0.9897880823225808,1.04884938686673,0.9436894321685353,4270
2025-26,10,2025-10-24,Mallorca,0.8783286282290814,0.9553298491835901,0.9193982884337669,4270
2025-26,10,2025-10-24,Elche,0.8489414557029961,1.1475008035380314,0.7398177439924204,4270
2025-26,10,2025-10-24,Oviedo,0.6971468915245277,1.3102005646622141,0.5320917349049233,4270
2025-26,11,2025-10-31,Barcelona,1.814251165058293,0.7956724830666163,2.280148181153574,4280
2025-26,11,2025-10-31,Real Madrid,1.7243586160039817,0.8009472706314957,2.152899047454691,4280
2025-26,11,2025-10-31,Ath Madrid,1.3918668390132833,0.7299368377965305,1.9068318886534474,4280
2025-26,11,2025-10-31,Ath Bilbao,1.1420797584193265,0.7603160080842841,1.502111945922257,4280
2025-26,11,2025-10-31,Villarreal,1.4016767779608992,0.9778651289240105,1.4334050131261231,4280
2025-26,11,2025-10-31,Sociedad,1.1082893366486526,0.8251611372879084,1.343118678966527,4280
2025-26,11,2025-10-31,Betis,1.1538317074602362,0.9184120905798197,1.2563333162695947,4280
2025-26,11,2025-10-31,Celta,1.0782738252538127,0.9719602475565766,1.109380582142633,4280
2025-26,11,2025-10-31,Sevilla,1.0583051067028066,0.9552188492747348,1.107918994172217,4280
2025-26,11,2025-10-31,Vallecano,1.0319724678675422,0.9766172837646178,1.0566805288244991,4280
2025-26,11,2025-10-31,Girona,1.166502884120032,1.12804439958773,1.034093059232737,4280
2025-26,11,2025-10-31,Valencia,0.9952063214548335,0.9800081359357231,1.0155082238216309,4280
2025-26,11,2025-10-31,Alaves,0.9518573229687952,0.943006452465649,1.009385800574327,4280
2025-26,11,2025-10-31,Levante,1.1655500394152931,1.1871080635345566,0.9818398806465222,4280
2025-26,11,2025-10-31,Getafe,0.8644122565080115,0.8837524196910288,0.9781158582968532,4280
2025-26,11,2025-10-31,Osasuna,0.9547657162916148,0.9957009681043113,0.9588880064155887,4280
2025-26,11,2025-10-31,Espanol,0.9840896300570001,1.0478190026608503,0.9391790257267575,4280
2025-26,11,2025-10-31,Mallorca,0.87638354865811,0.9640649297953884,0.909050336313045,4280
2025-26,11,2025-10-31,Elche,0.846803261747324,1.1445831578631207,0.7398355077391346,4280
2025-26,11,2025-10-31,Oviedo,0.8053991004419313,1.3043221640063283,0.6174847922296164,4280
2025-26,12,2025-11-07,Barcelona,1.8140168091853235,0.7946676950880164,2.2827363190904664,4290
2025-26,12,2025-11-07,Real Madrid,1.7288893145184556,0.7973587050299277,2.1682704454246404,4290
2025-26,12,2025-11-07,Ath Madrid,1.4006743883562647,0.7268952917538473,1.9269273088517722,4290
2025-26,12,2025-11-07,Ath Bilbao,1.14381892019184,0.7644008965330966,1.4963599930083489,4290
2025-26,12,2025-11-07,Villarreal,1.4089741707591155,0.9782333430292818,1.4403252360995633,4290
2025-26,12,2025-11-07,Sociedad,1.1142260244125168,0.8262620641512493,1.3485140765322068,4290
2025-26,12,2025-11-07,Betis,1.164015780426438,0.9179108616278667,1.2681141808934662,4290
2025-26,12,2025-11-07,Celta,1.0829985455994882,0.9692508409257423,1.117356312598196,4290
2025-26,12,2025-11-07,Sevilla,1.055783587251224,0.9618554277344641,1.0976530950581591,4290
2025-26,12,2025-11-07,Vallecano,1.0327867950374892,0.9819641133723437,1.0517561497136652,4290
2025-26,12,2025-11-07,Girona,1.1720304084263362,1.1284465125911571,1.0386229168585943,4290
2025-26,12,2025-11-07,Alaves,0.9588365583727401,0.9435365787971076,1.0162155659032721,4290
2025-26,12,2025-11-07,Valencia,0.9920323867157245,0.9827233794085432,1.0094726629102728,4290
2025-26,12,2025-11-07,Getafe,0.865328480993186,0.8869460596848919,0.9756269522191845,4290
2025-26,12,2025-11-07,Levante,1.1591391653094525,1.197226684447177,0.9681868775291192,4290
2025-26,12,2025-11-07,Osasuna,0.9495212317037216,0.9923091493263783,0.9568804564064506,4290
2025-26,12,2025-11-07,Espanol,0.9859516597536582,1.0547939127203374,0.934733930356942,4290
2025-26,12,2025-11-07,Mallorca,0.8761020880795006,0.9732036333294707,0.9002248430600577,4290
2025-26,12,2025-11-07,Elche,0.8444429746621983,1.1410502803268283,0.7400576374428711,4290
2025-26,12,2025-11-07,Oviedo,0.7715603185349138,1.25886683586978,0.6129006631601547,4290
2025-26,13,2025-11-21,Barcelona,1.8272150364969189,0.7893711412528404,2.3147730402163904,4300
2025-26,13,2025-11-21,Real Madrid,1.7235666179785878,0.7992274005556594,2.156540950398204,4300
2025-26,13,2025-11-21,Ath Madrid,1.407184241150399,0.7289590853823807,1.930402226089617,4300
2025-26,13,2025-11-21,Ath Bilbao,1.149002389752586,0.7608613596701216,1.5101337124686507,4300
2025-26,13,2025-11-21,Villarreal,1.4087230566150348,0.9710972578173803,1.4506508439548618,4300
2025-26,13,2025-11-21,Sociedad,1.1161063337646946,0.8243323148194152,1.353951936251823,4300
2025-26,13,2025-11-21,Betis,1.1684415320795194,0.9213719860135475,1.268153959330753,4300
2025-26,13,2025-11-21,Celta,1.079124495402699,0.9780796485860062,1.1033094257331413,4300
2025-26,13,2025-11-21,Sevilla,1.0549528114650089,0.9604826429287573,1.0983569762886998,4300
2025-26,13,2025-11-21,Vallecano,1.0375116457536662,0.9730695585387839,1.0662255710800903,4300
2025-26,13,2025-11-21,Girona,1.1700150512623777,1.1346567467588238,1.0311621154190955,4300
2025-26,13,2025-11-21,Alaves,0.9675335827310309,0.9398485576450056,1.0294569001152654,4300
2025-26,13,2025-11-21,Valencia,0.9982139188073552,0.9845057626387691,1.0139238963232111,4300
2025-26,13,2025-11-21,Getafe,0.8632017000320489,0.8872199721909511,0.97292861645169,4300
2025-26,13,2025-11-21,Levante,1.167487415818494,1.2068598315416301,0.9673761486677022,4300
2025-26,13,2025-11-21,Osasuna,0.9502607609374645,0.9895970056425722,0.9602502387529298,4300
2025-26,13,2025-11-21,Espanol,0.9769401640158801,1.0524052959603762,0.9282927098199082,4300
2025-26,13,2025-11-21,Mallorca,0.8786031715169919,0.9693107589802504,0.9064205296156145,4300
2025-26,13,2025-11-21,Elche,0.8404154728369951,1.141408969256644,0.7362965382901498,4300
2025-26,13,2025-11-21,Oviedo,0.7389430070584763,1.287071903216483,0.574127214813567,4300
2025-26,14,2025-11-28,Barcelona,1.8316106024714183,0.7896731525643876,2.319454063397545,4310
2025-26,14,2025-11-28,Real Madrid,1.739373232744478,0.8039360544930009,2.163571621180004,4310
2025-26,14,2025-11-28,Ath Madrid,1.408974596967331,0.7262895681574453,1.9399625972073622,4310
2025-26,14,2025-11-28,Ath Bilbao,1.1511097891518818,0.7626076371776696,1.509439104769548,4310
2025-26,14,2025-11-28,Villarreal,1.416051147385382,0.9742445444344664,1.4534863505008153,4310
2025-26,14,2025-11-28,Sociedad,1.1216915703698789,0.8251966061961885,1.3593022098580947,4310
2025-26,14,2025-11-28,Betis,1.1667449298730612,0.9229777465449601,1.2641094915241564,4310
2025-26,14,2025-11-28,Celta,1.0813240735774832,0.9704491092537411,1.114251188719214,4310
2025-26,14,2025-11-28,Sevilla,1.0601812506010948,0.9588449087377175,1.1056858527796563,4310
2025-26,14,2025-11-28,Vallecano,1.0337504478352715,0.9685684528698523,1.0672972517040855,4310
2025-26,14,2025-11-28,Girona,1.1752826660910416,1.1318010567034738,1.0384180674951957,4310
2025-26,14,2025-11-28,Alaves,0.9585882211661688,0.9409834411596567,1.0187089158389613,4310
2025-26,14,2025-11-28,Valencia,0.9983428639949126,0.9805219890238077,1.01817488559216,4310
2025-26,14,2025-11-28,Getafe,0.8617057003617097,0.8877309136527123,0.970683443720668,4310
2025-26,14,2025-11-28,Levante,1.1562547305100819,1.2050234691185888,0.95952880598734,4310
2025-26,14,2025-11-28,Osasuna,0.952523980121969,0.9935247923453967,0.9587319687044369,4310
2025-26,14,2025-11-28,Espanol,0.9758593819902527,1.057442633188287,0.9228485322631137,4310
2025-26,14,2025-11-28,Mallorca,0.8840113859459717,0.9739946883999006,0.9076141753896468,4310
2025-26,14,2025-11-28,Elche,0.8536797022119464,1.1695089383405286,0.7299471378331429,4310
2025-26,14,2025-11-28,Oviedo,0.7018416987112592,1.2557603458303728,0.5588978032644961,4310
2025-26,15,2025-12-02,Barcelona,1.8310215316775778,0.7982833286870726,2.293698823310062,4320
2025-26,15,2025-12-02,Real Madrid,1.738311518661298,0.8013293707626009,2.169284668808532,4320
2025-26,15,2025-12-02,Ath Madrid,1.4070470492848675,0.7285410368149351,1.9313216115268568,4320
2025-26,15,2025-12-02,Ath Bilbao,1.1603236588725077,0.7620277443635127,1.522679019832373,4320
2025-26,15,2025-12-02,Villarreal,1.4182534723766815,0.97256460116109,1.458261457062604,4320
2025-26,15,2025-12-02,Sociedad,1.1195722188669246,0.8271991410031898,1.353449445691104,4320
2025-26,15,2025-12-02,Betis,1.1653227086177669,0.9180856015211988,1.2692963561207309,4320
2025-26,15,2025-12-02,Celta,1.0722624006140764,0.9669015268638037,1.1089675327042003,4320
2025-26,15,2025-12-02,Sevilla,1.054155462663766,0.9580594901357282,1.1003027197344748,4320
2025-26,15,2025-12-02,Vallecano,1.038935013526625,0.9669942154104608,1.0743963065855855,4320
2025-26,15,2025-12-02,Girona,1.1715515694129666,1.1313541887480418,1.0355303238054983,4320
2025-26,15,2025-12-02,Alaves,0.9694977224550583,0.9410524386118231,1.0302270975305008,4320
2025-26,15,2025-12-02,Valencia,0.9967658063422068,0.9843802141085659,1.0125821222898685,4320
2025-26,15,2025-12-02,Getafe,0.8598658565251865,0.8848349758930395,0.9717810438690533,4320
2025-26,15,2025-12-02,Osasuna,0.9529553323336682,0.9920753952319713,0.9605674497257783,4320
2025-26,15,2025-12-02,Levante,1.1540863435195186,1.2260643921335437,0.9412934189461517,4320
2025-26,15,2025-12-02,Espanol,0.9704838570332082,1.047588622554314,0.9263978589867624,4320
2025-26,15,2025-12-02,Mallorca,0.8817668686338462,0.9744320090099073,0.9049034314151733,4320
2025-26,15,2025-12-02,Elche,0.8455641727136054,1.1666635405610821,0.7247712329357179,4320
2025-26,15,2025-12-02,Oviedo,0.7221277069266482,1.2452877932274984,0.5798882080543486,4320
2025-26,16,2025-12-07,Barcelona,1.8513201704900624,0.8089444525075257,2.2885627866677773,4327
2025-26,16,2025-12-07,Real Madrid,1.7422097414673763,0.7982311676957263,2.182587966962824,4327
2025-26,16,2025-12-07,Ath Madrid,1.403198309080793,0.7377749212070723,1.90193278294825,4327
2025-26,16,2025-12-07,Ath Bilbao,1.154679315783705,0.7647671238886309,1.5098443430890147,4327
2025-26,16,2025-12-07,Villarreal,1.4076081919684542,0.9675564936384635,1.4548072399113268,4327
2025-26,16,2025-12-07,Sociedad,1.1174210649210778,0.8314880644971748,1.3438810641218466,4327
2025-26,16,2025-12-07,Betis,1.1743062901470296,0.9282464597333617,1.2650802788780346,4327
2025-26,16,2025-12-07,Celta,1.0701502270926093,0.9667798923224136,1.1069223052642085,4327
2025-26,16,2025-12-07,Sevilla,1.0520306084895976,0.957978369667282,1.0981778313585318,4327
2025-26,16,2025-12-07,Vallecano,1.0372952266306315,0.9666245133922192,1.073110822516185,4327
2025-26,16,2025-12-07,Alaves,0.9739836408264396,0.9405246786777088,1.0355747838491287,4327
2025-26,16,2025-12-07,Girona,1.1699183592288704,1.1307612401278642,1.0346289894908127,4327
2025-26,16,2025-12-07,Valencia,0.9952404947156028,0.9838908757281821,1.0115354449028922,4327
2025-26,16,2025-12-07,Getafe,0.8531341823663297,0.8774216821159475,0.9723194670878804,4327
2025-26,16,2025-12-07,Osasuna,0.9514862784872965,0.9918307465638653,0.9593232331057092,4327
2025-26,16,2025-12-07,Levante,1.1526807677229558,1.2244554575842683,0.9413823594670262,4327
2025-26,16,2025-12-07,Espanol,0.9689385926669968,1.047105496462219,0.9253495430409646,4327
2025-26,16,2025-12-07,Mallorca,0.8749242862758191,0.9780983314695898,0.8945156720196507,4327
2025-26,16,2025-12-07,Elche,0.8447810039919915,1.1653433022921331,0.72492028943778,4327
2025-26,16,2025-12-07,Oviedo,0.7530000433584538,1.2177763493561398,0.6183401769598978,4327
2025-26,17,2025-12-15,Barcelona,1.8498359420316213,0.8046546363709395,2.298919136754792,4340
2025-26,17,2025-12-15,Real Madrid,1.746226860570858,0.8041850260618689,2.1714242419088694,4340
2025-26,17,2025-12-15,Ath Madrid,1.4061273877548586,0.7409625970615723,1.897703599791843,4340
2025-26,17,2025-12-15,Ath Bilbao,1.1601612466222275,0.7701608643628063,1.5063882109643272,4340
2025-26,17,2025-12-15,Villarreal,1.4103633459165108,0.9676733048359516,1.4574788194199568,4340
2025-26,17,2025-12-15,Sociedad,1.1131439852513805,0.8319319645684837,1.3380228584302072,4340
2025-26,17,2025-12-15,Betis,1.176948713000746,0.9283455962318645,1.2677915614378485,4340
2025-26,17,2025-12-15,Celta,1.0836718318267076,0.9698080916337392,1.1174085277027885,4340
2025-26,17,2025-12-15,Sevilla,1.0531582960187353,0.9543910894885557,1.103487142344453,4340
2025-26,17,2025-12-15,Vallecano,1.0310150566720038,0.9680538236905742,1.0650389796937099,4340
2025-26,17,2025-12-15,Alaves,0.9774869881302978,0.9413627287528754,1.0383744313154186,4340
2025-26,17,2025-12-15,Girona,1.1651277298462641,1.1249611493662288,1.0357048601213152,4340
2025-26,17,2025-12-15,Valencia,0.9991216939540118,0.9810857069513916,1.0183837017243529,4340
2025-26,17,2025-12-15,Getafe,0.846773528572947,0.8759091814028951,0.9667366737915875,4340
2025-26,17,2025-12-15,Osasuna,0.9478111287270617,0.9825652225338545,0.9646292245952199,4340
2025-26,17,2025-12-15,Espanol,0.9701298230712059,1.0300169085589925,0.9418581530165661,4340
2025-26,17,2025-12-15,Levante,1.139290140759443,1.2254596169951006,0.9296839528282863,4340
2025-26,17,2025-12-15,Mallorca,0.8862605474714786,0.9740210730373922,0.9098987403914777,4340
2025-26,17,2025-12-15,Elche,0.838453433601738,1.1712144041247203,0.7158838131164691,4340
2025-26,17,2025-12-15,Oviedo,0.7346821577818821,1.238739200991826,0.5930886478716757,4340
2025-26,18,2025-12-22,Barcelona,1.8581003306470623,0.8075642036696022,2.300870100734758,4350
2025-26,18,2025-12-22,Real Madrid,1.7562965089952463,0.8077597665899332,2.174280747368353,4350
2025-26,18,2025-12-22,Ath Madrid,1.4004184707994953,0.7390495603471905,1.8948911493048006,4350
2025-26,18,2025-12-22,Ath Bilbao,1.1584544644245551,0.7694057182388885,1.5056483685566697,4350
2025-26,18,2025-12-22,Villarreal,1.4126643966704922,0.9760462162302068,1.4473335106268228,4350
2025-26,18,2025-12-22,Sociedad,1.1124085789788802,0.829854303916089,1.34048660557572,4350
2025-26,18,2025-12-22,Betis,1.1867965998451862,0.9355715948987134,1.268525686667166,4350
2025-26,18,2025-12-22,Celta,1.0749094177586218,0.9650473572074009,1.1138411081391213,4350
2025-26,18,2025-12-22,Sevilla,1.0567472701374627,0.9638105114708074,1.096426380041063,4350
2025-26,18,2025-12-22,Vallecano,1.0357084960449712,0.9827339474201143,1.0539052800240862,4350
2025-26,18,2025-12-22,Girona,1.1615083604667005,1.1196157357473013,1.0374169667162076,4350
2025-26,18,2025-12-22,Valencia,1.0028239348648342,0.9754827528140572,1.028028360288179,4350
2025-26,18,2025-12-22,Alaves,0.9730852133622236,0.9487334034247175,1.0256677058587813,4350
2025-26,18,2025-12-22,Osasuna,0.9552431225371696,0.9794689163350009,0.9752663985617023,4350
2025-26,18,2025-12-22,Getafe,0.8492775666786215,0.8882066729088532,0.9561711171311741,4350
2025-26,18,2025-12-22,Espanol,0.9687062985909742,1.0291092428218045,0.9413056051608223,4350
2025-26,18,2025-12-22,Levante,1.1351617143243342,1.22573372149454,0.9261079257411869,4350
2025-26,18,2025-12-22,Mallorca,0.8783025851648913,0.9783946258392228,0.8976976794118458,4350
2025-26,18,2025-12-22,Elche,0.8816761418730698,1.1686909179335143,0.7544134452863331,4350
2025-26,18,2025-12-22,Oviedo,0.7063212001567859,1.197867136933104,0.5896490340032019,4350
2025-26,19,2026-01-04,Barcelona,1.862980617653087,0.81133010401539,2.29620546363672,4356
2025-26,19,2026-01-04,Real Madrid,1.7546682507902867,0.8069253480958134,2.174511254270252,4356
2025-26,19,2026-01-04,Ath Madrid,1.399455854897658,0.738212403247103,1.8957360357832078,4356
2025-26,19,2026-01-04,Ath Bilbao,1.1595852279428962,0.7676760918010308,1.5105136662813279,4356
2025-26,19,2026-01-04,Villarreal,1.4183659384665754,0.9768682930069201,1.4519520682779778,4356
2025-26,19,2026-01-04,Sociedad,1.1115681001115851,0.8289456952546841,1.340942001960778,4356
2025-26,19,2026-01-04,Betis,1.186003988525563,0.9344963896829469,1.2691370470975782,4356
2025-26,19,2026-01-04,Celta,1.0825344662410714,0.9692646587866474,1.1168615882438326,4356
2025-26,19,2026-01-04,Sevilla,1.056025936047191,0.9628381071810151,1.0967845250111776,4356
2025-26,19,2026-01-04,Vallecano,1.0284616558475057,0.9793648399101395,1.0501312829873197,4356
2025-26,19,2026-01-04,Girona,1.160858395997653,1.1183747915123754,1.0379869117291416,4356
2025-26,19,2026-01-04,Valencia,1.0083487803749558,0.9816736515448261,1.0271731127632406,4356
2025-26,19,2026-01-04,Alaves,0.9723757872713975,0.9478017407115427,1.02592741235251,4356
2025-26,19,2026-01-04,Osasuna,0.9527680402430314,0.980478210573763,0.9717381069442471,4356
2025-26,19,2026-01-04,Getafe,0.8463381170003632,0.8824465768499897,0.9590814211342736,4356
2025-26,19,2026-01-04,Espanol,0.975636747748061,1.0352395440873479,0.942426082272744,4356
2025-26,19,2026-01-04,Levante,1.133887008464499,1.2244049029521376,0.9260719274568464,4356
2025-26,19,2026-01-04,Mallorca,0.8776700614860792,0.9773066255088939,0.8980498428822858,4356
2025-26,19,2026-01-04,Elche,0.8856967993910038,1.1799409005829613,0.7506281026053225,4356
2025-26,19,2026-01-04,Oviedo,0.705114941548271,1.1968106401618774,0.5891616583997775,4356
2025-26,20,2026-01-17,Barcelona,1.854851264421849,0.8098041191264962,2.2904937386865902,4370
2025-26,20,2026-01-17,Real Madrid,1.7513728584118533,0.8050453982761648,2.175495769756649,4370
2025-26,20,2026-01-17,Ath Madrid,1.3941817034641344,0.7403600213265498,1.8831131656273,4370
2025-26,20,2026-01-17,Ath Bilbao,1.1543048129030988,0.766454626273261,1.5060315031506628,4370
2025-26,20,2026-01-17,Villarreal,1.4073480704299957,0.973663560810339,1.4454151588652648,4370
2025-26,20,2026-01-17,Sociedad,1.111485259175959,0.8228895561475849,1.3507101297766557,4370
2025-26,20,2026-01-17,Betis,1.1891421295062163,0.9371887073560624,1.2688395839306996,4370
2025-26,20,2026-01-17,Celta,1.0844742117722335,0.9592460413647343,1.130548540215329,4370
2025-26,20,2026-01-17,Sevilla,1.0401194953224169,0.969742204882084,1.0725731953152338,4370
2025-26,20,2026-01-17,Vallecano,1.0288956467630792,0.9784057682163453,1.0516042323000385,4370
2025-26,20,2026-01-17,Girona,1.155166167311701,1.1139174660621864,1.0370303029678967,4370
2025-26,20,2026-01-17,Valencia,1.0056235524664205,0.9753643409022613,1.0310234958314837,4370
2025-26,20,2026-01-17,Alaves,0.9653734883585136,0.9603334340878691,1.005248233677745,4370
2025-26,20,2026-01-17,Osasuna,0.948637623168189,0.97373999407245,0.9742206635682324,4370
2025-26,20,2026-01-17,Getafe,0.8363330148206042,0.8819828838113071,0.9482417744963072,4370
2025-26,20,2026-01-17,Espanol,0.9704690249143461,1.0322821931389372,0.9401198929561777,4370
2025-26,20,2026-01-17,Levante,1.1260904294674845,1.2209470795499573,0.9223089586180614,4370
2025-26,20,2026-01-17,Mallorca,0.8751788307885124,0.9812323864027315,0.8919180032336489,4370
2025-26,20,2026-01-17,Elche,0.8692819361727007,1.1806321105861257,0.7362851885683043,4370
2025-26,20,2026-01-17,Oviedo,0.8159156527822989,1.233731756695165,0.6613395888972795,4370
2025-26,21,2026-01-24,Barcelona,1.866800757729293,0.8100009336807259,2.304689636895062,4380
2025-26,21,2026-01-24,Real Madrid,1.742287991198487,0.8012834241331592,2.1743716876251633,4380
2025-26,21,2026-01-24,Ath Madrid,1.3892962231692052,0.7412439376930594,1.8742766753587896,4380
2025-26,21,2026-01-24,Ath Bilbao,1.1601274542653934,0.7789211721963115,1.4894029019575892,4380
2025-26,21,2026-01-24,Villarreal,1.401107542537684,0.9689250862477082,1.4460432105888186,4380
2025-26,21,2026-01-24,Sociedad,1.1112011909629327,0.835645581470109,1.3297517698927488,4380
2025-26,21,2026-01-24,Betis,1.183275151664526,0.9328150424418926,1.2684992177731043,4380
2025-26,21,2026-01-24,Celta,1.0841984885380134,0.9584278015438751,1.1312260420571498,4380
2025-26,21,2026-01-24,Sevilla,1.0458936126613847,0.9695364925453752,1.0787563136644245,4380
2025-26,21,2026-01-24,Vallecano,1.0282222853818945,0.9786266142780325,1.0506788497065864,4380
2025-26,21,2026-01-24,Girona,1.1523380915919528,1.1113487517180598,1.0368825175810263,4380
2025-26,21,2026-01-24,Valencia,1.0009632547268381,0.9690213299189874,1.0329630770981286,4380
2025-26,21,2026-01-24,Alaves,0.9665982018059895,0.9565365372310233,1.0105188502303244,4380
2025-26,21,2026-01-24,Osasuna,0.9484165012488072,0.9747132040678927,0.9730210869111671,4380
2025-26,21,2026-01-24,Levante,1.1401681687094298,1.2005152642890369,0.9497323379596131,4380
2025-26,21,2026-01-24,Getafe,0.8291684213580375,0.8780966902105517,0.9442791785938948,4380
2025-26,21,2026-01-24,Espanol,0.9678711276876857,1.0298560240523118,0.9398120757494568,4380
2025-26,21,2026-01-24,Mallorca,0.8920354661742834,0.9874449183773951,0.9033774437161599,4380
2025-26,21,2026-01-24,Elche,0.8627577090214386,1.2111329872932812,0.7123558833531449,4380
2025-26,21,2026-01-24,Oviedo,0.8344606619240834,1.24216976712024,0.6717766637153301,4380
2025-26,22,2026-01-31,Barcelona,1.860509174588287,0.8083298979248105,2.3016706166191425,4390
2025-26,22,2026-01-31,Real Madrid,1.7396078436865208,0.7966979478136994,2.183522435899775,4390
2025-26,22,2026-01-31,Ath Madrid,1.3843169428240332,0.7389141605893269,1.873447575723762,4390
2025-26,22,2026-01-31,Ath Bilbao,1.1650289137781267,0.7809714813664087,1.4917688309690398,4390
2025-26,22,2026-01-31,Villarreal,1.3951154654334748,0.9671833526771396,1.4424519007402574,4390
2025-26,22,2026-01-31,Sociedad,1.1156366418427532,0.840287968687159,1.3276837029879063,4390
2025-26,22,2026-01-31,Betis,1.1872101808010322,0.935742833681245,1.2687355308194088,4390
2025-26,22,2026-01-31,Celta,1.089024709388689,0.9629649673386106,1.1309079211868687,4390
2025-26,22,2026-01-31,Sevilla,1.0479140800594386,0.9743471694778573,1.0755037966816337,4390
2025-26,22,2026-01-31,Vallecano,1.0209834026833444,0.9813237178724362,1.0404144769851202,4390
2025-26,22,2026-01-31,Valencia,1.0105858311898983,0.9745700486520509,1.0369555606471403,4390
2025-26,22,2026-01-31,Girona,1.1474462909783405,1.1122766829509718,1.0316194779288734,4390
2025-26,22,2026-01-31,Alaves,0.9714344845573993,0.9597684304590584,1.0121550717111638,4390
2025-26,22,2026-01-31,Osasuna,0.9511298518956616,0.9697504759083831,0.9807985409903726,4390
2025-26,22,2026-01-31,Levante,1.1399221027352617,1.2009954680263712,0.9491477137782435,4390
2025-26,22,2026-01-31,Getafe,0.8295681272958976,0.8752676113211593,0.9477879868577779,4390
2025-26,22,2026-01-31,Espanol,0.9735404288788244,1.0427506275037266,0.933627276935247,4390
2025-26,22,2026-01-31,Mallorca,0.888490453152727,0.9831931928057766,0.9036784018176605,4390
2025-26,22,2026-01-31,Elche,0.8628790114505874,1.2116475772501196,0.7121534575333566,4390
2025-26,22,2026-01-31,Oviedo,0.8224864092910207,1.213941833380784,0.6775336236666512,4390
2025-26,23,2026-02-07,Barcelona,1.8949691095488141,0.8077476489111678,2.3459914889299958,4400
2025-26,23,2026-02-07,Real Madrid,1.7380974523512664,0.797371752991426,2.179783075874718,4400
2025-26,23,2026-02-07,Ath Madrid,1.374600542507748,0.7324141662705849,1.8768076940771683,4400
2025-26,23,2026-02-07,Ath Bilbao,1.1609386811935936,0.7842150902484334,1.4803829913880093,4400
2025-26,23,2026-02-07,Villarreal,1.3904244925265277,0.9713414021756407,1.431447778723538,4400
2025-26,23,2026-02-07,Sociedad,1.1200474369997953,0.8360619892284947,1.339670325203228,4400
2025-26,23,2026-02-07,Betis,1.190987835300349,0.9408831446532532,1.2658190786691876,4400
2025-26,23,2026-02-07,Celta,1.086174176355354,0.957473024034458,1.1344175230949005,4400
2025-26,23,2026-02-07,Sevilla,1.0485425292944774,0.985380424880408,1.0640992075946052,4400
2025-26,23,2026-02-07,Vallecano,1.022221516802792,0.9790280528190235,1.0441187194375041,4400
2025-26,23,2026-02-07,Valencia,1.0169011106794819,0.9772107145995947,1.0406160058285383,4400
2025-26,23,2026-02-07,Girona,1.1393646433182036,1.1102633658695409,1.0262111480422225,4400
2025-26,23,2026-02-07,Alaves,0.9717585116557589,0.9592265841331394,1.0130646165670487,4400
2025-26,23,2026-02-07,Osasuna,0.9572247412172719,0.9684382393184042,0.9884210498451357,4400
2025-26,23,2026-02-07,Levante,1.1218154824315858,1.181152460329139,0.9497634895659292,4400
2025-26,23,2026-02-07,Getafe,0.8239689842381377,0.8690788724916201,0.9480945979918326,4400
2025-26,23,2026-02-07,Espanol,0.973265047395996,1.042227713064062,0.9338314796242353,4400
2025-26,23,2026-02-07,Mallorca,0.9040442319430747,0.9839267125947527,0.9188125704596263,4400
2025-26,23,2026-02-07,Oviedo,0.8180178577812657,1.1832645703273044,0.6913228691999057,4400
2025-26,23,2026-02-07,Elche,0.861433525761618,1.2748122841292047,0.6757336248528886,4400
2025-26,24,2026-02-14,Barcelona,1.891383172701321,0.8088375416201855,2.3383968663381824,4409
2025-26,24,2026-02-14,Real Madrid,1.7296668916312397,0.7927745205771952,2.1817892058033364,4409
2025-26,24,2026-02-14,Ath Madrid,1.3634457615893343,0.7309914014868434,1.8652008201684354,4409
2025-26,24,2026-02-14,Ath Bilbao,1.1651110240380278,0.7819922281365996,1.4899266029975229,4409
2025-26,24,2026-02-14,Villarreal,1.3846148759612553,0.968974403829796,1.4289488664392709,4409
2025-26,24,2026-02-14,Sociedad,1.1166728853240568,0.8375439644546004,1.3332707687186571,4409
2025-26,24,2026-02-14,Betis,1.1883409655173285,0.9322027156317549,1.2747666849607795,4409
2025-26,24,2026-02-14,Celta,1.0850855072497783,0.9573485867502015,1.1334278049474018,4409
2025-26,24,2026-02-14,Sevilla,1.042449749862273,0.993657204328283,1.0491040021865226,4409
2025-26,24,2026-02-14,Vallecano,1.0214139858977873,0.9789655222744438,1.0433605297199051,4409
2025-26,24,2026-02-14,Girona,1.1510491563327618,1.1040823279059702,1.0425392448005848,4409
2025-26,24,2026-02-14,Valencia,1.011009247138474,0.9712845591800705,1.0408991243430636,4409
2025-26,24,2026-02-14,Alaves,0.9868587917924906,0.9667255637218656,1.0208262084154605,4409
2025-26,24,2026-02-14,Osasuna,0.952385810235175,0.9756048320906857,0.9762003824788842,4409
2025-26,24,2026-02-14,Getafe,0.8307975777671135,0.8807566000189548,0.943277152563187,4409
2025-26,24,2026-02-14,Levante,1.1150933388435704,1.191379844686001,0.9359679398785392,4409
2025-26,24,2026-02-14,Espanol,0.9692184552799553,1.0365179476402318,0.9350715609763511,4409
2025-26,24,2026-02-14,Mallorca,0.9048008705678482,0.9818852155685411,0.9214935271674716,4409
2025-26,24,2026-02-14,Elche,0.8819571393105342,1.2634512748324795,0.6980539391417944,4409
2025-26,24,2026-02-14,Oviedo,0.8182940984656012,1.1819577552193299,0.6923209352044519,4409
2025-26,25,2026-02-21,Barcelona,1.893554175792227,0.8180780892245173,2.314637441991862,4420
2025-26,25,2026-02-21,Real Madrid,1.7360894016495643,0.7964754992869698,2.1797147598435442,4420
2025-26,25,2026-02-21,Ath Madrid,1.3581844112768113,0.7407978775971215,1.8334075357805653,4420
2025-26,25,2026-02-21,Ath Bilbao,1.170822318542972,0.7808711810338985,1.4993795993249048,4420
2025-26,25,2026-02-21,Villarreal,1.3848129811268366,0.9649018119812446,1.4351853877063234,4420
2025-26,25,2026-02-21,Sociedad,1.1211672726936175,0.8423891615317952,1.330937438291459,4420
2025-26,25,2026-02-21,Betis,1.1932879802800458,0.927871750694664,1.2860483998857324,4420
2025-26,25,2026-02-21,Celta,1.0962834145352516,0.9550696214034669,1.1478570671363961,4420
2025-26,25,2026-02-21,Vallecano,1.0351833759821623,0.9723621563624879,1.0646068126043515,4420
2025-26,25,2026-02-21,Girona,1.1653097157198673,1.106092746472498,1.053537074025864,4420
2025-26,25,2026-02-21,Sevilla,1.033278473506561,0.9937398067485943,1.0397877457353075,4420
2025-26,25,2026-02-21,Valencia,1.0057459874016934,0.9688221156855231,1.03811212720928,4420
2025-26,25,2026-02-21,Alaves,0.9884618611101477,0.95698415894382,1.0328926052454914,4420
2025-26,25,2026-02-21,Osasuna,0.9520159256262419,0.9741340913185977,0.9772945368718012,4420
2025-26,25,2026-02-21,Getafe,0.8334931771510521,0.8768877661495922,0.9505129496912867,4420
2025-26,25,2026-02-21,Espanol,0.9671707376339164,1.0481388874870075,0.9227505526035596,4420
2025-26,25,2026-02-21,Levante,1.0966083260420825,1.1891390872326955,0.9221867633617646,4420
2025-26,25,2026-02-21,Mallorca,0.8997775363147195,0.9858037346465794,0.9127349640618868,4420
2025-26,25,2026-02-21,Oviedo,0.8132150075734864,1.169165735759306,0.695551522509638,4420
2025-26,25,2026-02-21,Elche,0.881966555591531,1.2787967571743712,0.6896846982473774,4420
2025-26,26,2026-02-28,Barcelona,1.8934918820167574,0.8129317301869206,2.3292138954662027,4430
2025-26,26,2026-02-28,Real Madrid,1.7322582794851031,0.8021431727505525,2.1595375218929833,4430
2025-26,26,2026-02-28,Ath Madrid,1.3623504170442067,0.7406342427540388,1.839437523140065,4430
2025-26,26,2026-02-28,Ath Bilbao,1.1668255850079887,0.778526839376441,1.4987608981375062,4430
2025-26,26,2026-02-28,Villarreal,1.383763833814315,0.9678789268708575,1.4296869116553752,4430
2025-26,26,2026-02-28,Sociedad,1.124221224667119,0.846469310479733,1.328129928337238,4430
2025-26,26,2026-02-28,Betis,1.1926652888748401,0.9268647728831705,1.286773781643305,4430
2025-26,26,2026-02-28,Celta,1.1026577279556182,0.9466974763984528,1.1647413830133881,4430
2025-26,26,2026-02-28,Vallecano,1.034199414839788,0.9726413622820534,1.063289568945849,4430
2025-26,26,2026-02-28,Girona,1.169254233657304,1.1074181410839727,1.0558380708056707,4430
2025-26,26,2026-02-28,Valencia,1.008802273101134,0.9689265487144845,1.0411545379157525,4430
2025-26,26,2026-02-28,Sevilla,1.024021368523934,0.9844951010067168,1.040148770142989,4430
2025-26,26,2026-02-28,Alaves,0.9902209259836758,0.9695738529787019,1.021294997736936,4430
2025-26,26,2026-02-28,Osasuna,0.958423320677726,0.9724220854154593,0.98560422994532,4430
2025-26,26,2026-02-28,Getafe,0.8232536003315559,0.8694486334581373,0.9468685884951643,4430
2025-26,26,2026-02-28,Levante,1.1065584965184347,1.1978284858178163,0.9238037912939873,4430
2025-26,26,2026-02-28,Espanol,0.966735416937383,1.0547448098747665,0.9165585911270488,4430
2025-26,26,2026-02-28,Mallorca,0.889409948167114,0.9925882202557366,0.8960512829156495,4430
2025-26,26,2026-02-28,Oviedo,0.8468928456780684,1.1905108999095146,0.7113692497418016,4430
2025-26,26,2026-02-28,Elche,0.8791839528965164,1.2751631732049216,0.6894678040982207,4430
2025-26,27,2026-03-06,Barcelona,1.8994736596419886,0.8144439460929986,2.332233751326938,4440
2025-26,27,2026-03-06,Real Madrid,1.7302834733652614,0.8010587031425234,2.159995848715486,4440
2025-26,27,2026-03-06,Ath Madrid,1.35524588877139,0.7446869436348167,1.8198867327476367,4440
2025-26,27,2026-03-06,Ath Bilbao,1.160555682237162,0.7798595803147138,1.488159806626749,4440
2025-26,27,2026-03-06,Villarreal,1.3847645221688216,0.974216423189296,1.4214136501984977,4440
2025-26,27,2026-03-06,Sociedad,1.1215275045512756,0.8446639344493942,1.3277795568273656,4440
2025-26,27,2026-03-06,Betis,1.1903003951797047,0.9248769841618125,1.2869823939433818,4440
2025-26,27,2026-03-06,Celta,1.0974024296927642,0.9468377079136046,1.1590185102692363,4440
2025-26,27,2026-03-06,Vallecano,1.041509663558623,0.9681394241249143,1.075784786370028,4440
2025-26,27,2026-03-06,Girona,1.1680984181123668,1.102585570514024,1.059417472303579,4440
2025-26,27,2026-03-06,Valencia,1.0071842609397208,0.9647229328770781,1.0440140133665228,4440
2025-26,27,2026-03-06,Sevilla,1.020758334443786,0.9835968890023752,1.037781174236025,4440
2025-26,27,2026-03-06,Alaves,0.9900561326736576,0.9706032391353613,1.0200420653403397,4440
2025-26,27,2026-03-06,Osasuna,0.9521025844362148,0.971650683405734,0.9798815569181702,4440
2025-26,27,2026-03-06,Getafe,0.8210106282545753,0.8687410254495563,0.9450579680287557,4440
2025-26,27,2026-03-06,Levante,1.1064180746143244,1.198467275069569,0.9231942311900829,4440
2025-26,27,2026-03-06,Espanol,0.9614756233881352,1.0590813676116222,0.9078392395443594,4440
2025-26,27,2026-03-06,Mallorca,0.8859661422049745,0.9909682152700023,0.8940409274010684,4440
2025-26,27,2026-03-06,Oviedo,0.8697008024196199,1.1844260812800227,0.7342803541439449,4440
2025-26,27,2026-03-06,Elche,0.885638576093082,1.2692157653787564,0.6977840964879536,4440
2025-26,28,2026-03-13,Barcelona,1.8911716125185452,0.8118521430457644,2.3294532492376994,4450
2025-26,28,2026-03-13,Real Madrid,1.721183435793793,0.7981324900264554,2.156513432671738,4450
2025-26,28,2026-03-13,Ath Madrid,1.368782048786799,0.7412468103305578,1.8465941838945557,4450
2025-26,28,2026-03-13,Ath Bilbao,1.1576432746652,0.772813455931683,1.4979595215116648,4450
2025-26,28,2026-03-13,Villarreal,1.3830072854096946,0.9785010171126003,1.4133938148482743,4450
2025-26,28,2026-03-13,Sociedad,1.1180782214746234,0.8566233582841042,1.3052156594401505,4450
2025-26,28,2026-03-13,Betis,1.1909979826587531,0.9228632601231821,1.2905465350303151,4450
2025-26,28,2026-03-13,Celta,1.0941363957951475,0.9390981473854223,1.16509269967295,4450
2025-26,28,2026-03-13,Vallecano,1.0338599055529536,0.9654030952390199,1.070910079583891,4450
2025-26,28,2026-03-13,Girona,1.1714548440888144,1.094892081854023,1.069927222512327,4450
2025-26,28,2026-03-13,Valencia,1.0154016635634966,0.9687517424388339,1.0481546706767426,4450
2025-26,28,2026-03-13,Sevilla,1.0182252382523473,0.9773965210344125,1.0417729307801549,4450
2025-26,28,2026-03-13,Alaves,0.9954409962108361,0.978774964799187,1.0170274394125605,4450
2025-26,28,2026-03-13,Osasuna,0.9657399943271623,0.9726707973585282,0.9928744616881807,4450
2025-26,28,2026-03-13,Getafe,0.8189150558755258,0.8693430307007063,0.941993007312045,4450
2025-26,28,2026-03-13,Espanol,0.9603224649632859,1.0577563373114647,0.9078862788042189,4450
2025-26,28,2026-03-13,Levante,1.0908066571605621,1.2027097639950122,0.9069575136209552,4450
2025-26,28,2026-03-13,Mallorca,0.8874879633618583,1.003295455449344,0.8845728928019322,4450
2025-26,28,2026-03-13,Oviedo,0.8656063242634481,1.1799797368764615,0.7335772786698905,4450
2025-26,28,2026-03-13,Elche,0.8959053269605207,1.266046705823284,0.707640028475831,4450
2025-26,29,2026-03-20,Barcelona,1.897397069760232,0.8124658138150762,2.3353561928355733,4460
2025-26,29,2026-03-20,Real Madrid,1.707624731947606,0.8014061952620023,2.1307855392724226,4460
2025-26,29,2026-03-20,Ath Madrid,1.370142420699081,0.7469610748041371,1.8342889166725993,4460
2025-26,29,2026-03-20,Ath Bilbao,1.1606749727333567,0.7779661805544288,1.4919349989046888,4460
2025-26,29,2026-03-20,Villarreal,1.3756504933007168,0.9705304092031096,1.417421319575392,4460
2025-26,29,2026-03-20,Sociedad,1.126094902573688,0.8546876756951449,1.3175513519108588,4460
2025-26,29,2026-03-20,Betis,1.1903567415440022,0.9196678198567217,1.2943333623758326,4460
2025-26,29,2026-03-20,Celta,1.0886232707080061,0.9399783533430599,1.158136532438525,4460
2025-26,29,2026-03-20,Girona,1.1779042747138404,1.099169900553704,1.0716307589213225,4460
2025-26,29,2026-03-20,Vallecano,1.030806815256536,0.96707138969408,1.0659056055650842,4460
2025-26,29,2026-03-20,Valencia,1.0079496496202642,0.9723475677583996,1.036614563600894,4460
2025-26,29,2026-03-20,Sevilla,1.018130018684654,0.9842231328137132,1.034450405340512,4460
2025-26,29,2026-03-20,Alaves,0.9835538958888493,0.9734050731066177,1.010426104262886,4460
2025-26,29,2026-03-20,Osasuna,0.962656406640355,0.9810998911940706,0.9812012163906485,4460
2025-26,29,2026-03-20,Getafe,0.8246931732316094,0.8720461790954027,0.945698969849379,4460
2025-26,29,2026-03-20,Levante,1.0942355443721388,1.1998535599517253,0.9119742449371606,4460
2025-26,29,2026-03-20,Espanol,0.9623571235425106,1.0636511336230698,0.9047676377351982,4460
2025-26,29,2026-03-20,Mallorca,0.892376027942343,1.0051728320322055,0.8877836721255032,4460
2025-26,29,2026-03-20,Oviedo,0.8824914679951373,1.1565710367625046,0.7630240079895343,4460
2025-26,29,2026-03-20,Elche,0.9029853986502128,1.246171430712658,0.7246076875103896,4460
2025-26,30,2026-04-03,Barcelona,1.8881673283731983,0.8191203417380755,2.3051159056393753,4470
2025-26,30,2026-04-03,Real Madrid,1.7127269872144986,0.8010554181069497,2.1380880130141393,4470
2025-26,30,2026-04-03,Ath Madrid,1.3689757099630033,0.7523986431667301,1.8194818961942771,4470
2025-26,30,2026-04-03,Ath Bilbao,1.1603858985286242,0.773762053276671,1.499667622125829,4470
2025-26,30,2026-04-03,Villarreal,1.3848173248538593,0.9669763324829963,1.4321108783479046,4470
2025-26,30,2026-04-03,Sociedad,1.1218636689057013,0.8630802678828878,1.2998370031765436,4470
2025-26,30,2026-04-03,Betis,1.1851017027890203,0.919784497944001,1.2884558344243506,4470
2025-26,30,2026-04-03,Celta,1.0878101993550935,0.9423721976793019,1.1543318043910347,4470
2025-26,30,2026-04-03,Vallecano,1.0392005764770496,0.9596354814801035,1.0829117894580431,4470
2025-26,30,2026-04-03,Girona,1.1655692505857749,1.1020978807737567,1.0575914090021263,4470
2025-26,30,2026-04-03,Valencia,1.0101726846440644,0.9641430754099523,1.047741471580388,4470
2025-26,30,2026-04-03,Sevilla,1.0092751101281408,0.9860173024127689,1.0235876263615866,4470
2025-26,30,2026-04-03,Alaves,0.9871680528754018,0.9726044825697618,1.0149737848906073,4470
2025-26,30,2026-04-03,Osasuna,0.9658510029947696,0.9721832572506615,0.9934865631467471,4470
2025-26,30,2026-04-03,Getafe,0.831335157135002,0.8723588314186587,0.9529738534119696,4470
2025-26,30,2026-04-03,Levante,1.1076515163855036,1.1998322426549333,0.92317198772267,4470
2025-26,30,2026-04-03,Espanol,0.9630290696451299,1.0704465521512134,0.8996517086348562,4470
2025-26,30,2026-04-03,Mallorca,0.8930009713704873,1.0047010237306577,0.8888225952578354,4470
2025-26,30,2026-04-03,Oviedo,0.8852682801065548,1.1800969815822757,0.7501657015676676,4470
2025-26,30,2026-04-03,Elche,0.9033206672885441,1.246703231638016,0.7245675188486445,4470
2025-26,31,2026-04-10,Barcelona,1.899308734712131,0.815468775977749,2.329100501039853,4480
2025-26,31,2026-04-10,Real Madrid,1.712558479258425,0.8015979863701871,2.1364306153178707,4480
2025-26,31,2026-04-10,Ath Madrid,1.3661432350618048,0.7601555372512507,1.7971890858045012,4480
2025-26,31,2026-04-10,Ath Bilbao,1.1584844570593775,0.7810089060782944,1.4833178572527597,4480
2025-26,31,2026-04-10,Villarreal,1.377323514286565,0.960657463443751,1.4337300928773877,4480
2025-26,31,2026-04-10,Sociedad,1.1306315969427705,0.8594773246048778,1.3154874067940638,4480
2025-26,31,2026-04-10,Betis,1.1875154966483865,0.9152701999629183,1.2974480068251957,4480
2025-26,31,2026-04-10,Celta,1.091676266087365,0.9387157191932423,1.1629466128740031,4480
2025-26,31,2026-04-10,Vallecano,1.0372087958395295,0.9579995801228804,1.0826818898046793,4480
2025-26,31,2026-04-10,Girona,1.1573803732294847,1.0926313498239963,1.0592597159288155,4480
2025-26,31,2026-04-10,Valencia,1.0066784124123378,0.9668758498430898,1.0411661565191719,4480
2025-26,31,2026-04-10,Sevilla,1.007267651881791,0.9835024165534407,1.024163880971063,4480
2025-26,31,2026-04-10,Alaves,0.9908893222814283,0.978013030780151,1.0131657668109044,4480
2025-26,31,2026-04-10,Osasuna,0.9723362957066551,0.9750709280786277,0.9971954528709402,4480
2025-26,31,2026-04-10,Getafe,0.8401308790693658,0.8697072700144901,0.9659927058622477,4480
2025-26,31,2026-04-10,Levante,1.0981775435070893,1.2136358775388678,0.9048657540794555,4480
2025-26,31,2026-04-10,Espanol,0.9569113560001434,1.072448482449614,0.8922679006589029,4480
2025-26,31,2026-04-10,Mallorca,0.8940873404133407,1.0026185676403543,0.8917522268887959,4480
2025-26,31,2026-04-10,Oviedo,0.870516666135528,1.1698333083459385,0.7441373569422272,4480
2025-26,31,2026-04-10,Elche,0.8989443109098386,1.242902963683814,0.723261861284389,4480
2025-26,32,2026-04-21,Barcelona,1.8974407993751223,0.8166149339866585,2.3235440847400937,4490
2025-26,32,2026-04-21,Real Madrid,1.7022710055990495,0.7970354845521271,2.1357530983148076,4490
2025-26,32,2026-04-21,Ath Madrid,1.359109049956248,0.7626759819646053,1.7820268136086685,4490
2025-26,32,2026-04-21,Ath Bilbao,1.1537603528168128,0.78253362256763,1.4743907731799724,4490
2025-26,32,2026-04-21,Villarreal,1.3770710431073647,0.9583115627487323,1.4369763411363852,4490
2025-26,32,2026-04-21,Sociedad,1.1259414448008669,0.8603942939510489,1.3086342537563667,4490
2025-26,32,2026-04-21,Betis,1.178343108239906,0.9158072485418297,1.2866715240746263,4490
2025-26,32,2026-04-21,Celta,1.084416170411354,0.9458363686929988,1.1465156197259059,4490
2025-26,32,2026-04-21,Vallecano,1.0425388927949695,0.9667383284244756,1.078408564284431,4490
2025-26,32,2026-04-21,Girona,1.1497815226469204,1.0849410465438938,1.0597640547471012,4490
2025-26,32,2026-04-21,Valencia,1.0150121003279786,0.9649136327971058,1.0519201572327739,4490
2025-26,32,2026-04-21,Sevilla,1.0088398665278577,0.9789129105591436,1.0305716225068686,4490
2025-26,32,2026-04-21,Alaves,0.9913332968339916,0.974866339957837,1.016891502148763,4490
2025-26,32,2026-04-21,Osasuna,0.9717011006121797,0.9685019623866901,1.0033031819756006,4490
2025-26,32,2026-04-21,Getafe,0.8327671233363388,0.8813915491531573,0.9448322078155424,4490
2025-26,32,2026-04-21,Levante,1.125149325682269,1.2019391086818143,0.9361117527128626,4490
2025-26,32,2026-04-21,Mallorca,0.9032670818902467,1.0087339363822412,0.8954463107781974,4490
2025-26,32,2026-04-21,Espanol,0.95748332680434,1.073747607317056,0.8917210341420715,4490
2025-26,32,2026-04-21,Oviedo,0.9044806961354837,1.149944416195492,0.7865429697270871,4490
2025-26,32,2026-04-21,Elche,0.8940312216016653,1.2576761338128726,0.7108596542189665,4490
2025-26,33,2026-04-24,Barcelona,1.8837424303880792,0.8153375021895015,2.3103836452137805,4500
2025-26,33,2026-04-24,Real Madrid,1.6911353234647308,0.8004013156884664,2.112859249875293,4500
2025-26,33,2026-04-24,Ath Madrid,1.3485703667552604,0.7781787711613964,1.7329827241914868,4500
2025-26,33,2026-04-24,Ath Bilbao,1.1420582071146195,0.7843589113919133,1.4560403286397774,4500
2025-26,33,2026-04-24,Villarreal,1.384837927428695,0.9651249198167893,1.4348794637813107,4500
2025-26,33,2026-04-24,Sociedad,1.1256289112599893,0.8552502774826322,1.3161397790751934,4500
2025-26,33,2026-04-24,Betis,1.1737275515501484,0.9154191001368176,1.2821750730072425,4500
2025-26,33,2026-04-24,Celta,1.0812928122732508,0.9367989947780552,1.154242071458914,4500
2025-26,33,2026-04-24,Vallecano,1.042966264298717,0.9698882206877193,1.0753468719923005,4500
2025-26,33,2026-04-24,Girona,1.1475515177750357,1.0818801543820686,1.0607011443245082,4500
2025-26,33,2026-04-24,Valencia,1.014447579239153,0.9691547052383961,1.0467344106734906,4500
2025-26,33,2026-04-24,Alaves,0.994759623500465,0.9668773788825916,1.0288374154022473,4500
2025-26,33,2026-04-24,Sevilla,0.9987947500981958,0.9740929438501778,1.0253587775211495,4500
2025-26,33,2026-04-24,Osasuna,0.9727833622413491,0.958555958278823,1.0148425387580635,4500
2025-26,33,2026-04-24,Levante,1.1139852913568395,1.1868463286438706,0.9386095440255652,4500
2025-26,33,2026-04-24,Getafe,0.8261069206494936,0.8828717462642398,0.9357043354768806,4500
2025-26,33,2026-04-24,Mallorca,0.908868999894371,1.009284456473386,0.9005082700571017,4500
2025-26,33,2026-04-24,Espanol,0.9606233448238357,1.0747639602658439,0.8937993646402366,4500
2025-26,33,2026-04-24,Oviedo,0.937356304178965,1.1828647329731419,0.7924458968549268,4500
2025-26,33,2026-04-24,Elche,0.9292632567756274,1.2441928234905386,0.7468804185581238,4500
2025-26,34,2026-05-01,Barcelona,1.8856001735728092,0.8127974953603417,2.3198892520416248,4510
2025-26,34,2026-05-01,Real Madrid,1.6869842112941158,0.7974552048604522,2.115459528023676,4510
2025-26,34,2026-05-01,Ath Madrid,1.3559891012406797,0.7785607918374355,1.7416611720717268,4510
2025-26,34,2026-05-01,Ath Bilbao,1.1428526602035685,0.7901773861750631,1.4463241801131101,4510
2025-26,34,2026-05-01,Villarreal,1.3893859054260023,0.9712338610490583,1.4305369295148809,4510
2025-26,34,2026-05-01,Sociedad,1.1357457393225927,0.8675605151553881,1.3091256684488115,4510
2025-26,34,2026-05-01,Betis,1.1707228366892957,0.9110127354519327,1.2850784529466832,4510
2025-26,34,2026-05-01,Celta,1.0884715742286917,0.940134663782308,1.157782620044666,4510
2025-26,34,2026-05-01,Vallecano,1.0596498573649669,0.9794113322792106,1.0819252569796505,4510
2025-26,34,2026-05-01,Girona,1.1498208399431469,1.087561062629807,1.057247155541585,4510
2025-26,34,2026-05-01,Valencia,1.0201547087977516,0.9706832193592776,1.0509656378639458,4510
2025-26,34,2026-05-01,Alaves,0.9939901906684567,0.9611458965731543,1.034172017185325,4510
2025-26,34,2026-05-01,Osasuna,0.9787193089771212,0.9554210429759294,1.0243853389795798,4510
2025-26,34,2026-05-01,Sevilla,0.9959043706333763,0.9787436115481818,1.0175334570593515,4510
2025-26,34,2026-05-01,Levante,1.1153357870475646,1.176866369375259,0.9477165938896207,4510
2025-26,34,2026-05-01,Getafe,0.82341831809763,0.8838954750476006,0.931578836347461,4510
2025-26,34,2026-05-01,Mallorca,0.9027059001490884,1.0081597171063017,0.8953996919655796,4510
2025-26,34,2026-05-01,Espanol,0.9533331178277682,1.0749666654358523,0.8868490051654142,4510
2025-26,34,2026-05-01,Oviedo,0.9111309139346403,1.1680524008682527,0.7800428416202613,4510
2025-26,34,2026-05-01,Elche,0.9208634383103022,1.2323076164522928,0.7472675053014672,4510
2025-26,35,2026-05-08,Barcelona,1.883439084492235,0.8138589992509625,2.3142080952912774,4520
2025-26,35,2026-05-08,Real Madrid,1.6837792518599204,0.7975961558411383,2.1110674111564904,4520
2025-26,35,2026-05-08,Ath Madrid,1.359149659975916,0.7765274513225457,1.7502918379267534,4520
2025-26,35,2026-05-08,Ath Bilbao,1.1408717298274935,0.7869651283787598,1.4497106525899346,4520
2025-26,35,2026-05-08,Villarreal,1.390089309067236,0.9694084184055356,1.4339563002285747,4520
2025-26,35,2026-05-08,Sociedad,1.1284609978043514,0.8680028967747657,1.3000659352605488,4520
2025-26,35,2026-05-08,Betis,1.169999891204485,0.9130891521618111,1.2813643535622097,4520
2025-26,35,2026-05-08,Celta,1.0850534569129038,0.9450247695832069,1.1481746212762816,4520
2025-26,35,2026-05-08,Vallecano,1.0595497684583135,0.9810537634136421,1.080011930000186,4520
2025-26,35,2026-05-08,Girona,1.1507970818021305,1.090117235261437,1.0556635970682007,4520
2025-26,35,2026-05-08,Valencia,1.0178172689246483,0.9733204357061848,1.045716530328657,4520
2025-26,35,2026-05-08,Alaves,0.9895381643581689,0.9594399413533783,1.0313706170730543,4520
2025-26,35,2026-05-08,Osasuna,0.9798233686812762,0.9530941233559005,1.0280447068871439,4520
2025-26,35,2026-05-08,Sevilla,0.9962299482939403,0.9725057703161888,1.0243948968755612,4520
2025-26,35,2026-05-08,Levante,1.110189298045173,1.177489738820613,0.9428441382063772,4520
2025-26,35,2026-05-08,Getafe,0.8248437656758056,0.8841285594157161,0.9329455053696157,4520
2025-26,35,2026-05-08,Mallorca,0.9049199544539392,1.009244272482307,0.8966312508548849,4520
2025-26,35,2026-05-08,Espanol,0.9531039607443382,1.0714693180974415,0.8895298676743454,4520
2025-26,35,2026-05-08,Oviedo,0.917614755561379,1.1644826780940454,0.7880020654865173,4520
2025-26,35,2026-05-08,Elche,0.93107208699219,1.2266429985839824,0.7590408032875133,4520
2025-26,36,2026-05-12,Barcelona,1.8774067735726918,0.8070189351855865,2.3263478608974064,4530
2025-26,36,2026-05-12,Real Madrid,1.6750472161834393,0.7932930158927275,2.1115113616605274,4530
2025-26,36,2026-05-12,Ath Madrid,1.3639894331510007,0.7721555209657056,1.7664698316799068,4530
2025-26,36,2026-05-12,Ath Bilbao,1.134761478174501,0.7902137556323987,1.4360183812117582,4530
2025-26,36,2026-05-12,Villarreal,1.3845836237876208,0.9702547771695499,1.4270309782207522,4530
2025-26,36,2026-05-12,Sociedad,1.135945555895584,0.8721153054229152,1.3025176244839891,4530
2025-26,36,2026-05-12,Betis,1.1744744849436994,0.9204530888732191,1.2759742991154963,4530
2025-26,36,2026-05-12,Celta,1.0795822305298972,0.950014239540629,1.1363853146579357,4530
2025-26,36,2026-05-12,Vallecano,1.0590590471146644,0.9799008960162116,1.080781792750951,4530
2025-26,36,2026-05-12,Valencia,1.0211580405532958,0.9684439526613502,1.0544317384058042,4530
2025-26,36,2026-05-12,Girona,1.14879671306032,1.0905207860065682,1.053438621071273,4530
2025-26,36,2026-05-12,Alaves,0.998282225536925,0.9646628871568338,1.0348508674146033,4530
2025-26,36,2026-05-12,Sevilla,0.9937932610364058,0.9678741498384639,1.026779422926284,4530
2025-26,36,2026-05-12,Osasuna,0.9733489323449466,0.965445800819986,1.0081859919202592,4530
2025-26,36,2026-05-12,Levante,1.1372345796474346,1.1680345287244456,0.9736309601132715,4530
2025-26,36,2026-05-12,Getafe,0.8266538256333699,0.879791326764368,0.9396021539261777,4530
2025-26,36,2026-05-12,Mallorca,0.9057102779039772,1.0050758738361694,0.9011362241211363,4530
2025-26,36,2026-05-12,Espanol,0.9465613247212107,1.0691982472547492,0.8853001088914816,4530
2025-26,36,2026-05-12,Oviedo,0.8999834994244025,1.1700421775070147,0.7691889375663186,4530
2025-26,36,2026-05-12,Elche,0.9412888468973687,1.2398205532751243,0.7592137784866118,4530
2025-26,37,2026-05-17,Barcelona,1.8659263927731706,0.8056513324023815,2.316047051283515,4540
2025-26,37,2026-05-17,Real Madrid,1.667127305173744,0.7963647507242979,2.0934217689287267,4540
2025-26,37,2026-05-17,Ath Madrid,1.367824548590586,0.7813248285554866,1.7506477441903647,4540
2025-26,37,2026-05-17,Ath Bilbao,1.131829570247548,0.7890547180058399,1.4344120178483886,4540
2025-26,37,2026-05-17,Villarreal,1.3775164238515347,0.9698903360686334,1.4202805952631494,4540
2025-26,37,2026-05-17,Sociedad,1.1308702697704218,0.8802153570055146,1.2847654392416343,4540
2025-26,37,2026-05-17,Betis,1.1732264076702543,0.917168624206365,1.2791828860101473,4540
2025-26,37,2026-05-17,Celta,1.0803548525019864,0.9530258119396691,1.1336050282868706,4540
2025-26,37,2026-05-17,Vallecano,1.0625447884461394,0.9768598783835768,1.0877146374404758,4540
2025-26,37,2026-05-17,Girona,1.1599653278628053,1.0855166784244314,1.0685836071597095,4540
2025-26,37,2026-05-17,Valencia,1.0176661185008264,0.9715917998979137,1.0474214774226727,4540
2025-26,37,2026-05-17,Alaves,0.9957765285457755,0.9535880645977304,1.0442418120720105,4540
2025-26,37,2026-05-17,Sevilla,0.9927528450192257,0.9619875356949572,1.0319809853898398,4540
2025-26,37,2026-05-17,Osasuna,0.9839368532612822,0.9692501656302636,1.0151526284459993,4540
2025-26,37,2026-05-17,Levante,1.1431047819360036,1.169753380099125,0.9772186183716235,4540
2025-26,37,2026-05-17,Getafe,0.83116545588925,0.8778162116565719,0.9468558963165138,4540
2025-26,37,2026-05-17,Mallorca,0.902213735637881,1.0100120028560866,0.8932703107355394,4540
2025-26,37,2026-05-17,Espanol,0.9445384962221164,1.0664776687715773,0.8856617666547892,4540
2025-26,37,2026-05-17,Oviedo,0.9098871872508147,1.145788727960015,0.7941142769581928,4540
2025-26,37,2026-05-17,Elche,0.9331800946415263,1.2381844708494512,0.7536680653096239,4540
2025-26,38,2026-05-23,Barcelona,1.8599343932950605,0.8055685444106105,2.3088468463672083,4550
2025-26,38,2026-05-23,Real Madrid,1.6656851797269363,0.7936177468943347,2.098850720318773,4550
2025-26,38,2026-05-23,Ath Madrid,1.3726144992766394,0.7883899762679459,1.7410349453886715,4550
2025-26,38,2026-05-23,Ath Bilbao,1.1415994719902753,0.7858453961100043,1.452702373318316,4550
2025-26,38,2026-05-23,Villarreal,1.372511258161067,0.9727327632158869,1.4109849180195178,4550
2025-26,38,2026-05-23,Betis,1.1730378623375473,0.9115978742088815,1.2867931085902906,4550
2025-26,38,2026-05-23,Sociedad,1.1294635935723234,0.8870585984036695,1.2732682999802722,4550
2025-26,38,2026-05-23,Celta,1.0768613387062902,0.961597853537485,1.1198666206926096,4550
2025-26,38,2026-05-23,Vallecano,1.0659264850830448,0.971707507047682,1.0969622827363208,4550
2025-26,38,2026-05-23,Girona,1.1697164285713686,1.0903618622292444,1.072778193268686,4550
2025-26,38,2026-05-23,Valencia,1.0255455099513955,0.970368424645787,1.0568619958195258,4550
2025-26,38,2026-05-23,Alaves,0.9961868197668141,0.9494607432523933,1.0492132790602378,4550
2025-26,38,2026-05-23,Sevilla,0.9896390425279202,0.9605065517459883,1.030330340515612,4550
2025-26,38,2026-05-23,Osasuna,0.9863029927902798,0.9694758503490403,1.0173569485358311,4550
2025-26,38,2026-05-23,Levante,1.1536091370056507,1.162182872094428,0.9926227315040995,4550
2025-26,38,2026-05-23,Getafe,0.8237562760176738,0.874725292255168,0.9417314022027546,4550
2025-26,38,2026-05-23,Espanol,0.944761011665256,1.0690871047251933,0.8837081725984385,4550
2025-26,38,2026-05-23,Mallorca,0.8968554744122579,1.0153325549460668,0.8833120439636625,4550
2025-26,38,2026-05-23,Oviedo,0.8946093166075256,1.1463131303496605,0.7804231609339085,4550
2025-26,38,2026-05-23,Elche,0.9260937705588477,1.226797778209552,0.7548870620799735,4550
